date,year,month,day,day_of_year,temperature_avg,temperature_min,temperature_max,rainfall_mm,humidity_avg,pressure_hpa,wind_speed_kmh,is_rainy_day,season,weekend,location,latitude,longitude
2023-09-27,2023,9,27,270,20.8,16.7,25.4,9.9,85.1,1025.1,8.6,1,Rainy,0,"Kumbo, Cameroon",6.2,10.66
2023-09-28,2023,9,28,271,17.9,14.1,23.5,8.6,77.2,998.0,5.8,1,Rainy,0,"Kumbo, Cameroon",6.2,10.66
2023-09-29,2023,9,29,272,17.0,13.4,20.8,15.4,77.6,1015.5,14.8,1,Rainy,0,"Kumbo, Cameroon",6.2,10.66
2023-09-30,2023,9,30,273,17.0,13.4,20.4,10.3,59.3,1022.6,7.4,1,Rainy,1,"Kumbo, Cameroon",6.2,10.66
2023-10-01,2023,10,1,274,16.8,11.0,22.6,5.1,77.8,1004.9,11.0,1,Rainy,1,"Kumbo, Cameroon",6.2,10.66
2023-10-02,2023,10,2,275,13.9,10.0,17.4,2.4,81.7,1015.4,6.2,1,Rainy,0,"Kumbo, Cameroon",6.2,10.66
2023-10-03,2023,10,3,276,19.7,15.8,24.9,2.3,80.8,1020.1,12.6,1,Rainy,0,"Kumbo, Cameroon",6.2,10.66
2023-10-04,2023,10,4,277,15.4,10.5,18.6,0.6,57.2,1017.8,13.2,0,Rainy,0,"Kumbo, Cameroon",6.2,10.66
2023-10-05,2023,10,5,278,13.3,10.0,18.5,11.2,77.2,1002.7,13.7,1,Rainy,0,"Kumbo, Cameroon",6.2,10.66
2023-10-06,2023,10,6,279,12.0,10.0,17.3,4.2,82.4,1026.3,7.5,1,Rainy,0,"Kumbo, Cameroon",6.2,10.66
2023-10-07,2023,10,7,280,12.3,10.0,17.4,1.0,71.1,1010.3,14.3,1,Rainy,1,"Kumbo, Cameroon",6.2,10.66
2023-10-08,2023,10,8,281,19.9,15.6,23.7,6.3,88.5,1020.0,13.8,1,Rainy,1,"Kumbo, Cameroon",6.2,10.66
2023-10-09,2023,10,9,282,14.4,10.0,20.3,2.2,82.2,1019.6,11.0,1,Rainy,0,"Kumbo, Cameroon",6.2,10.66
2023-10-10,2023,10,10,283,14.2,10.7,18.4,10.3,81.4,1010.0,8.3,1,Rainy,0,"Kumbo, Cameroon",6.2,10.66
2023-10-11,2023,10,11,284,16.0,12.6,19.5,3.3,72.7,1016.3,14.1,1,Rainy,0,"Kumbo, Cameroon",6.2,10.66
2023-10-12,2023,10,12,285,16.0,10.8,20.7,3.3,71.7,1013.0,5.2,1,Rainy,0,"Kumbo, Cameroon",6.2,10.66
2023-10-13,2023,10,13,286,12.0,10.0,15.5,5.6,80.3,1021.6,7.5,1,Rainy,0,"Kumbo, Cameroon",6.2,10.66
2023-10-14,2023,10,14,287,15.1,10.0,19.1,4.1,83.1,1003.8,7.0,1,Rainy,1,"Kumbo, Cameroon",6.2,10.66
2023-10-15,2023,10,15,288,16.9,12.7,21.7,1.2,63.2,1018.1,6.0,1,Rainy,1,"Kumbo, Cameroon",6.2,10.66
2023-10-16,2023,10,16,289,16.4,11.8,19.8,2.6,72.6,1023.9,13.5,1,Rainy,0,"Kumbo, Cameroon",6.2,10.66
2023-10-17,2023,10,17,290,15.3,10.3,19.2,7.4,89.8,1005.0,6.0,1,Rainy,0,"Kumbo, Cameroon",6.2,10.66
2023-10-18,2023,10,18,291,12.0,10.0,17.7,8.8,87.3,1006.3,8.3,1,Rainy,0,"Kumbo, Cameroon",6.2,10.66
2023-10-19,2023,10,19,292,18.6,13.3,24.1,3.5,65.3,1006.7,6.9,1,Rainy,0,"Kumbo, Cameroon",6.2,10.66
2023-10-20,2023,10,20,293,18.3,14.9,21.8,5.5,61.1,1000.4,5.3,1,Rainy,0,"Kumbo, Cameroon",6.2,10.66
2023-10-21,2023,10,21,294,16.4,11.9,22.0,7.2,74.0,1019.7,13.9,1,Rainy,1,"Kumbo, Cameroon",6.2,10.66
2023-10-22,2023,10,22,295,12.8,10.0,18.2,1.7,77.4,1020.8,13.9,1,Rainy,1,"Kumbo, Cameroon",6.2,10.66
2023-10-23,2023,10,23,296,16.7,11.0,20.1,2.8,76.4,1016.2,9.3,1,Rainy,0,"Kumbo, Cameroon",6.2,10.66
2023-10-24,2023,10,24,297,15.8,10.9,21.7,6.1,80.4,985.1,5.8,1,Rainy,0,"Kumbo, Cameroon",6.2,10.66
2023-10-25,2023,10,25,298,13.8,10.0,16.8,3.0,72.8,1027.2,5.2,1,Rainy,0,"Kumbo, Cameroon",6.2,10.66
2023-10-26,2023,10,26,299,12.0,10.0,16.4,6.5,71.7,1001.9,9.6,1,Rainy,0,"Kumbo, Cameroon",6.2,10.66
2023-10-27,2023,10,27,300,16.3,11.9,21.1,5.0,63.9,1017.4,13.2,1,Rainy,0,"Kumbo, Cameroon",6.2,10.66
2023-10-28,2023,10,28,301,15.6,10.3,20.8,0.8,78.6,1004.6,11.2,0,Rainy,1,"Kumbo, Cameroon",6.2,10.66
2023-10-29,2023,10,29,302,16.8,11.2,22.4,2.4,46.9,1012.2,11.4,1,Rainy,1,"Kumbo, Cameroon",6.2,10.66
2023-10-30,2023,10,30,303,12.8,10.0,18.6,2.1,78.0,1001.8,6.6,1,Rainy,0,"Kumbo, Cameroon",6.2,10.66
2023-10-31,2023,10,31,304,16.1,12.4,20.2,0.8,94.9,1019.0,9.3,0,Rainy,0,"Kumbo, Cameroon",6.2,10.66
2023-11-01,2023,11,1,305,15.7,12.3,20.7,0.3,73.2,1023.2,14.5,0,Dry,0,"Kumbo, Cameroon",6.2,10.66
2023-11-02,2023,11,2,306,14.9,11.6,18.4,0.7,79.1,1011.1,9.0,0,Dry,0,"Kumbo, Cameroon",6.2,10.66
2023-11-03,2023,11,3,307,16.4,12.5,19.7,0.5,86.7,1014.5,12.0,0,Dry,0,"Kumbo, Cameroon",6.2,10.66
2023-11-04,2023,11,4,308,15.1,11.2,18.8,0.6,90.4,1025.7,9.3,0,Dry,1,"Kumbo, Cameroon",6.2,10.66
2023-11-05,2023,11,5,309,16.6,12.1,22.2,0.6,70.4,1030.6,10.1,0,Dry,1,"Kumbo, Cameroon",6.2,10.66
2023-11-06,2023,11,6,310,14.1,10.3,19.5,0.4,92.8,997.4,10.9,0,Dry,0,"Kumbo, Cameroon",6.2,10.66
2023-11-07,2023,11,7,311,15.2,12.0,20.5,0.6,71.8,1007.5,13.3,0,Dry,0,"Kumbo, Cameroon",6.2,10.66
2023-11-08,2023,11,8,312,12.6,10.0,17.0,0.4,84.9,1002.3,5.2,0,Dry,0,"Kumbo, Cameroon",6.2,10.66
2023-11-09,2023,11,9,313,12.3,10.0,15.7,0.3,78.6,1002.7,13.6,0,Dry,0,"Kumbo, Cameroon",6.2,10.66
2023-11-10,2023,11,10,314,12.0,10.0,17.5,0.3,90.6,1004.4,11.4,0,Dry,0,"Kumbo, Cameroon",6.2,10.66
2023-11-11,2023,11,11,315,13.8,10.0,17.2,0.1,70.2,1003.4,12.2,0,Dry,1,"Kumbo, Cameroon",6.2,10.66
2023-11-12,2023,11,12,316,14.5,10.5,20.1,0.8,45.1,1004.4,12.9,0,Dry,1,"Kumbo, Cameroon",6.2,10.66
2023-11-13,2023,11,13,317,14.8,10.7,19.4,0.3,74.8,1028.9,9.2,0,Dry,0,"Kumbo, Cameroon",6.2,10.66
2023-11-14,2023,11,14,318,12.0,10.0,17.8,0.1,78.7,1020.9,7.9,0,Dry,0,"Kumbo, Cameroon",6.2,10.66
2023-11-15,2023,11,15,319,16.3,11.7,20.5,0.0,82.0,1020.7,9.4,0,Dry,0,"Kumbo, Cameroon",6.2,10.66
2023-11-16,2023,11,16,320,14.4,10.8,19.9,0.3,76.3,1005.3,7.7,0,Dry,0,"Kumbo, Cameroon",6.2,10.66
2023-11-17,2023,11,17,321,12.0,10.0,16.2,0.6,64.7,1012.6,9.7,0,Dry,0,"Kumbo, Cameroon",6.2,10.66
2023-11-18,2023,11,18,322,12.8,10.0,17.5,0.3,92.4,1013.1,5.6,0,Dry,1,"Kumbo, Cameroon",6.2,10.66
2023-11-19,2023,11,19,323,13.2,10.0,16.4,0.2,65.3,1010.2,11.0,0,Dry,1,"Kumbo, Cameroon",6.2,10.66
2023-11-20,2023,11,20,324,14.8,11.7,20.7,1.2,89.6,1009.4,5.8,0,Dry,0,"Kumbo, Cameroon",6.2,10.66
2023-11-21,2023,11,21,325,17.6,13.8,23.5,0.7,79.2,1004.8,10.0,0,Dry,0,"Kumbo, Cameroon",6.2,10.66
2023-11-22,2023,11,22,326,17.3,13.3,21.1,0.1,70.3,1001.7,5.0,0,Dry,0,"Kumbo, Cameroon",6.2,10.66
2023-11-23,2023,11,23,327,18.2,15.1,21.8,0.1,85.2,1019.7,11.5,0,Dry,0,"Kumbo, Cameroon",6.2,10.66
2023-11-24,2023,11,24,328,14.1,10.0,17.4,0.1,73.6,1018.4,7.9,0,Dry,0,"Kumbo, Cameroon",6.2,10.66
2023-11-25,2023,11,25,329,13.0,10.0,16.4,0.4,65.7,1004.8,5.5,0,Dry,1,"Kumbo, Cameroon",6.2,10.66
2023-11-26,2023,11,26,330,12.7,10.0,18.7,0.1,69.4,1015.3,5.5,0,Dry,1,"Kumbo, Cameroon",6.2,10.66
2023-11-27,2023,11,27,331,13.9,10.0,17.5,1.8,64.0,1015.5,10.3,0,Dry,0,"Kumbo, Cameroon",6.2,10.66
2023-11-28,2023,11,28,332,13.8,10.4,19.5,1.1,88.9,1010.3,8.6,0,Dry,0,"Kumbo, Cameroon",6.2,10.66
2023-11-29,2023,11,29,333,12.0,10.0,15.2,0.2,78.5,1018.7,9.2,0,Dry,0,"Kumbo, Cameroon",6.2,10.66
2023-11-30,2023,11,30,334,12.0,10.0,15.5,0.0,90.1,996.5,6.6,0,Dry,0,"Kumbo, Cameroon",6.2,10.66
2023-12-01,2023,12,1,335,12.0,10.0,16.0,0.3,87.0,1020.9,12.5,0,Dry,0,"Kumbo, Cameroon",6.2,10.66
2023-12-02,2023,12,2,336,12.9,10.0,18.8,0.1,74.0,1020.2,9.2,0,Dry,1,"Kumbo, Cameroon",6.2,10.66
2023-12-03,2023,12,3,337,13.8,10.0,17.1,0.4,70.1,1022.2,7.8,0,Dry,1,"Kumbo, Cameroon",6.2,10.66
2023-12-04,2023,12,4,338,13.6,10.0,18.7,0.1,77.7,1018.9,10.7,0,Dry,0,"Kumbo, Cameroon",6.2,10.66
2023-12-05,2023,12,5,339,12.0,10.0,16.2,1.3,79.4,1023.3,14.8,0,Dry,0,"Kumbo, Cameroon",6.2,10.66
2023-12-06,2023,12,6,340,12.0,10.0,15.8,1.1,94.4,1003.5,14.2,0,Dry,0,"Kumbo, Cameroon",6.2,10.66
2023-12-07,2023,12,7,341,14.4,10.0,20.0,0.2,78.0,996.5,11.2,0,Dry,0,"Kumbo, Cameroon",6.2,10.66
2023-12-08,2023,12,8,342,13.9,10.0,19.4,0.7,78.3,993.1,5.3,0,Dry,0,"Kumbo, Cameroon",6.2,10.66
2023-12-09,2023,12,9,343,14.4,11.1,20.3,0.0,93.8,1015.7,7.7,0,Dry,1,"Kumbo, Cameroon",6.2,10.66
2023-12-10,2023,12,10,344,12.8,10.0,17.4,0.3,74.8,1024.8,11.6,0,Dry,1,"Kumbo, Cameroon",6.2,10.66
2023-12-11,2023,12,11,345,13.9,10.0,19.1,0.6,68.9,1018.4,14.8,0,Dry,0,"Kumbo, Cameroon",6.2,10.66
2023-12-12,2023,12,12,346,12.0,10.0,16.1,0.0,69.2,997.4,12.1,0,Dry,0,"Kumbo, Cameroon",6.2,10.66
2023-12-13,2023,12,13,347,13.8,10.0,19.6,0.2,74.3,1017.0,9.4,0,Dry,0,"Kumbo, Cameroon",6.2,10.66
2023-12-14,2023,12,14,348,13.4,10.0,17.2,1.7,66.1,1021.3,8.2,0,Dry,0,"Kumbo, Cameroon",6.2,10.66
2023-12-15,2023,12,15,349,16.2,11.9,21.3,0.7,64.7,1008.1,12.8,0,Dry,0,"Kumbo, Cameroon",6.2,10.66
2023-12-16,2023,12,16,350,12.0,10.0,17.8,0.1,68.7,999.6,10.3,0,Dry,1,"Kumbo, Cameroon",6.2,10.66
2023-12-17,2023,12,17,351,12.8,10.0,17.7,0.1,94.0,998.2,5.9,0,Dry,1,"Kumbo, Cameroon",6.2,10.66
2023-12-18,2023,12,18,352,12.7,10.0,18.6,0.6,72.4,1009.4,13.7,0,Dry,0,"Kumbo, Cameroon",6.2,10.66
2023-12-19,2023,12,19,353,13.7,10.0,18.7,1.9,66.2,995.4,7.9,0,Dry,0,"Kumbo, Cameroon",6.2,10.66
2023-12-20,2023,12,20,354,13.3,10.0,16.8,0.9,91.0,998.3,11.2,0,Dry,0,"Kumbo, Cameroon",6.2,10.66
2023-12-21,2023,12,21,355,12.7,10.0,15.8,0.7,73.9,997.1,6.5,0,Dry,0,"Kumbo, Cameroon",6.2,10.66
2023-12-22,2023,12,22,356,13.2,10.0,16.3,0.5,55.3,1009.1,6.5,0,Dry,0,"Kumbo, Cameroon",6.2,10.66
2023-12-23,2023,12,23,357,12.0,10.0,16.4,0.1,75.2,1016.3,13.7,0,Dry,1,"Kumbo, Cameroon",6.2,10.66
2023-12-24,2023,12,24,358,12.0,10.0,15.3,0.6,61.6,1011.6,8.1,0,Dry,1,"Kumbo, Cameroon",6.2,10.66
2023-12-25,2023,12,25,359,12.4,10.0,16.9,0.3,88.9,1015.7,11.9,0,Dry,0,"Kumbo, Cameroon",6.2,10.66
2023-12-26,2023,12,26,360,13.0,10.0,16.5,0.4,54.4,1038.4,9.2,0,Dry,0,"Kumbo, Cameroon",6.2,10.66
2023-12-27,2023,12,27,361,12.0,10.0,15.9,0.0,95.0,1018.0,12.7,0,Dry,0,"Kumbo, Cameroon",6.2,10.66
2023-12-28,2023,12,28,362,15.4,12.0,19.3,0.2,62.7,1020.0,11.4,0,Dry,0,"Kumbo, Cameroon",6.2,10.66
2023-12-29,2023,12,29,363,13.0,10.0,17.2,0.1,69.8,1026.0,15.0,0,Dry,0,"Kumbo, Cameroon",6.2,10.66
2023-12-30,2023,12,30,364,12.5,10.0,16.3,0.5,76.4,1013.5,11.5,0,Dry,1,"Kumbo, Cameroon",6.2,10.66
2023-12-31,2023,12,31,365,12.0,10.0,17.8,0.2,78.1,1025.8,9.2,0,Dry,1,"Kumbo, Cameroon",6.2,10.66
2024-01-01,2024,1,1,1,14.1,10.0,19.2,1.9,95.0,1000.3,11.5,0,Dry,0,"Kumbo, Cameroon",6.2,10.66
2024-01-02,2024,1,2,2,14.7,10.0,18.7,0.8,90.6,1010.0,10.7,0,Dry,0,"Kumbo, Cameroon",6.2,10.66
2024-01-03,2024,1,3,3,12.0,10.0,16.1,0.2,63.9,1012.7,13.5,0,Dry,0,"Kumbo, Cameroon",6.2,10.66
2024-01-04,2024,1,4,4,13.0,10.0,16.1,0.8,74.2,1013.3,11.6,0,Dry,0,"Kumbo, Cameroon",6.2,10.66
2024-01-05,2024,1,5,5,12.0,10.0,15.1,0.3,59.9,1016.0,10.8,0,Dry,0,"Kumbo, Cameroon",6.2,10.66
2024-01-06,2024,1,6,6,12.0,10.0,16.1,0.4,84.4,1002.7,5.8,0,Dry,1,"Kumbo, Cameroon",6.2,10.66
2024-01-07,2024,1,7,7,14.2,10.0,20.0,0.5,69.5,1035.3,6.7,0,Dry,1,"Kumbo, Cameroon",6.2,10.66
2024-01-08,2024,1,8,8,18.7,14.8,23.0,0.5,89.3,1001.3,9.4,0,Dry,0,"Kumbo, Cameroon",6.2,10.66
2024-01-09,2024,1,9,9,14.6,11.4,17.6,0.4,69.0,1020.9,9.1,0,Dry,0,"Kumbo, Cameroon",6.2,10.66
2024-01-10,2024,1,10,10,12.0,10.0,16.7,0.5,70.1,1002.0,7.3,0,Dry,0,"Kumbo, Cameroon",6.2,10.66
2024-01-11,2024,1,11,11,12.0,10.0,17.2,0.6,68.2,1001.3,8.4,0,Dry,0,"Kumbo, Cameroon",6.2,10.66
2024-01-12,2024,1,12,12,12.0,10.0,16.9,1.0,67.4,1022.8,12.1,0,Dry,0,"Kumbo, Cameroon",6.2,10.66
2024-01-13,2024,1,13,13,12.0,10.0,15.4,0.3,85.9,1001.4,5.1,0,Dry,1,"Kumbo, Cameroon",6.2,10.66
2024-01-14,2024,1,14,14,13.0,10.0,18.3,1.1,52.4,1024.2,9.3,0,Dry,1,"Kumbo, Cameroon",6.2,10.66
2024-01-15,2024,1,15,15,13.2,10.0,17.0,0.2,58.9,1005.8,10.9,0,Dry,0,"Kumbo, Cameroon",6.2,10.66
2024-01-16,2024,1,16,16,15.1,11.0,20.4,0.2,86.8,1021.7,14.9,0,Dry,0,"Kumbo, Cameroon",6.2,10.66
2024-01-17,2024,1,17,17,14.2,10.0,18.7,0.2,84.4,999.4,5.8,0,Dry,0,"Kumbo, Cameroon",6.2,10.66
2024-01-18,2024,1,18,18,13.1,10.0,17.9,0.3,85.4,1016.3,7.0,0,Dry,0,"Kumbo, Cameroon",6.2,10.66
2024-01-19,2024,1,19,19,14.1,10.0,18.5,0.9,77.2,1004.9,11.3,0,Dry,0,"Kumbo, Cameroon",6.2,10.66
2024-01-20,2024,1,20,20,12.0,10.0,16.1,0.3,95.0,1000.0,9.7,0,Dry,1,"Kumbo, Cameroon",6.2,10.66
2024-01-21,2024,1,21,21,12.9,10.0,16.5,0.1,67.3,1023.5,7.3,0,Dry,1,"Kumbo, Cameroon",6.2,10.66
2024-01-22,2024,1,22,22,12.3,10.0,15.9,0.3,73.2,1013.6,6.3,0,Dry,0,"Kumbo, Cameroon",6.2,10.66
2024-01-23,2024,1,23,23,12.0,10.0,17.8,0.4,68.8,1005.3,12.8,0,Dry,0,"Kumbo, Cameroon",6.2,10.66
2024-01-24,2024,1,24,24,14.8,10.8,17.9,0.6,71.5,1008.2,6.8,0,Dry,0,"Kumbo, Cameroon",6.2,10.66
2024-01-25,2024,1,25,25,12.5,10.0,16.5,0.9,70.2,1006.7,9.6,0,Dry,0,"Kumbo, Cameroon",6.2,10.66
2024-01-26,2024,1,26,26,15.9,12.4,20.3,1.0,67.7,1017.8,10.6,0,Dry,0,"Kumbo, Cameroon",6.2,10.66
2024-01-27,2024,1,27,27,15.1,10.0,18.3,0.1,95.0,1014.3,5.4,0,Dry,1,"Kumbo, Cameroon",6.2,10.66
2024-01-28,2024,1,28,28,12.9,10.0,18.4,0.5,83.6,1028.5,14.4,0,Dry,1,"Kumbo, Cameroon",6.2,10.66
2024-01-29,2024,1,29,29,13.9,10.0,18.0,0.8,73.8,1018.3,11.0,0,Dry,0,"Kumbo, Cameroon",6.2,10.66
2024-01-30,2024,1,30,30,13.9,10.6,18.2,0.0,66.5,989.7,14.8,0,Dry,0,"Kumbo, Cameroon",6.2,10.66
2024-01-31,2024,1,31,31,14.3,10.0,17.6,0.5,87.4,995.1,14.8,0,Dry,0,"Kumbo, Cameroon",6.2,10.66
2024-02-01,2024,2,1,32,12.0,10.0,15.3,0.4,73.7,1019.2,14.2,0,Dry,0,"Kumbo, Cameroon",6.2,10.66
2024-02-02,2024,2,2,33,13.3,10.0,18.9,1.4,63.0,995.5,6.3,0,Dry,0,"Kumbo, Cameroon",6.2,10.66
2024-02-03,2024,2,3,34,15.9,12.6,19.2,0.9,95.0,1013.2,12.2,0,Dry,1,"Kumbo, Cameroon",6.2,10.66
2024-02-04,2024,2,4,35,17.0,13.7,20.2,0.2,71.5,1022.1,5.7,0,Dry,1,"Kumbo, Cameroon",6.2,10.66
2024-02-05,2024,2,5,36,17.4,13.7,21.4,1.1,85.9,1013.4,6.5,0,Dry,0,"Kumbo, Cameroon",6.2,10.66
2024-02-06,2024,2,6,37,12.0,10.0,15.9,0.1,68.9,1006.5,5.4,0,Dry,0,"Kumbo, Cameroon",6.2,10.66
2024-02-07,2024,2,7,38,13.6,10.0,17.6,0.8,77.6,1008.1,12.8,0,Dry,0,"Kumbo, Cameroon",6.2,10.66
2024-02-08,2024,2,8,39,18.1,14.4,21.9,0.5,81.1,1012.1,5.7,0,Dry,0,"Kumbo, Cameroon",6.2,10.66
2024-02-09,2024,2,9,40,16.9,12.5,22.1,1.5,85.9,1008.0,9.1,0,Dry,0,"Kumbo, Cameroon",6.2,10.66
2024-02-10,2024,2,10,41,14.2,10.1,19.1,0.4,59.8,1025.1,14.3,0,Dry,1,"Kumbo, Cameroon",6.2,10.66
2024-02-11,2024,2,11,42,13.7,10.0,19.1,0.3,66.0,1024.7,5.4,0,Dry,1,"Kumbo, Cameroon",6.2,10.66
2024-02-12,2024,2,12,43,15.3,11.4,20.0,0.0,81.0,1006.4,13.0,0,Dry,0,"Kumbo, Cameroon",6.2,10.66
2024-02-13,2024,2,13,44,13.6,10.0,19.1,0.8,67.6,1002.6,12.2,0,Dry,0,"Kumbo, Cameroon",6.2,10.66
2024-02-14,2024,2,14,45,15.7,10.2,20.9,0.4,89.8,1009.9,8.8,0,Dry,0,"Kumbo, Cameroon",6.2,10.66
2024-02-15,2024,2,15,46,16.1,12.9,20.8,1.8,82.3,1029.8,5.9,0,Dry,0,"Kumbo, Cameroon",6.2,10.66
2024-02-16,2024,2,16,47,12.4,10.0,17.1,0.0,70.0,1026.3,9.6,0,Dry,0,"Kumbo, Cameroon",6.2,10.66
2024-02-17,2024,2,17,48,12.8,10.0,16.1,0.1,67.3,1012.8,7.9,0,Dry,1,"Kumbo, Cameroon",6.2,10.66
2024-02-18,2024,2,18,49,12.7,10.0,17.2,0.3,83.6,1027.7,5.8,0,Dry,1,"Kumbo, Cameroon",6.2,10.66
2024-02-19,2024,2,19,50,13.6,10.0,16.7,0.8,89.0,1026.8,6.3,0,Dry,0,"Kumbo, Cameroon",6.2,10.66
2024-02-20,2024,2,20,51,16.7,11.3,21.8,1.0,70.1,1022.7,7.6,0,Dry,0,"Kumbo, Cameroon",6.2,10.66
2024-02-21,2024,2,21,52,13.2,10.0,18.4,0.1,63.5,1020.8,11.9,0,Dry,0,"Kumbo, Cameroon",6.2,10.66
2024-02-22,2024,2,22,53,15.1,11.6,18.1,0.6,80.2,1013.9,9.2,0,Dry,0,"Kumbo, Cameroon",6.2,10.66
2024-02-23,2024,2,23,54,15.7,11.3,20.4,0.2,68.6,1008.4,5.8,0,Dry,0,"Kumbo, Cameroon",6.2,10.66
2024-02-24,2024,2,24,55,17.9,12.9,22.5,0.5,68.2,1019.4,12.9,0,Dry,1,"Kumbo, Cameroon",6.2,10.66
2024-02-25,2024,2,25,56,15.6,10.4,21.3,1.0,75.9,999.3,14.0,0,Dry,1,"Kumbo, Cameroon",6.2,10.66
2024-02-26,2024,2,26,57,14.5,10.0,17.6,0.1,70.3,1008.1,6.9,0,Dry,0,"Kumbo, Cameroon",6.2,10.66
2024-02-27,2024,2,27,58,17.4,11.5,23.2,0.1,57.6,1023.0,5.2,0,Dry,0,"Kumbo, Cameroon",6.2,10.66
2024-02-28,2024,2,28,59,17.7,14.1,21.0,0.1,86.6,1005.4,12.7,0,Dry,0,"Kumbo, Cameroon",6.2,10.66
2024-02-29,2024,2,29,60,21.3,16.7,24.4,4.7,59.1,1017.6,7.4,1,Rainy,0,"Kumbo, Cameroon",6.2,10.66
2024-03-01,2024,3,1,61,18.0,14.9,22.8,3.5,68.5,997.0,13.8,1,Rainy,0,"Kumbo, Cameroon",6.2,10.66
2024-03-02,2024,3,2,62,17.3,14.0,22.2,3.5,95.0,1006.9,9.0,1,Rainy,1,"Kumbo, Cameroon",6.2,10.66
2024-03-03,2024,3,3,63,15.9,11.7,21.2,8.9,84.9,1020.6,13.0,1,Rainy,1,"Kumbo, Cameroon",6.2,10.66
2024-03-04,2024,3,4,64,15.7,11.8,21.3,3.8,42.3,1017.6,8.8,1,Rainy,0,"Kumbo, Cameroon",6.2,10.66
2024-03-05,2024,3,5,65,18.5,14.9,24.4,6.5,79.8,1020.0,7.5,1,Rainy,0,"Kumbo, Cameroon",6.2,10.66
2024-03-06,2024,3,6,66,16.6,12.3,21.0,3.8,66.9,1006.9,5.5,1,Rainy,0,"Kumbo, Cameroon",6.2,10.66
2024-03-07,2024,3,7,67,14.3,11.1,19.1,2.1,85.3,1001.5,8.9,1,Rainy,0,"Kumbo, Cameroon",6.2,10.66
2024-03-08,2024,3,8,68,21.1,17.1,24.9,2.3,88.7,1013.4,5.5,1,Rainy,0,"Kumbo, Cameroon",6.2,10.66
2024-03-09,2024,3,9,69,15.8,12.7,21.8,12.0,76.0,1042.1,10.3,1,Rainy,1,"Kumbo, Cameroon",6.2,10.66
2024-03-10,2024,3,10,70,19.7,15.8,25.0,9.7,68.3,1024.8,13.2,1,Rainy,1,"Kumbo, Cameroon",6.2,10.66
2024-03-11,2024,3,11,71,19.0,13.4,23.4,1.4,70.1,1011.9,6.9,1,Rainy,0,"Kumbo, Cameroon",6.2,10.66
2024-03-12,2024,3,12,72,19.4,16.3,25.3,4.8,84.8,1004.2,11.3,1,Rainy,0,"Kumbo, Cameroon",6.2,10.66
2024-03-13,2024,3,13,73,16.1,10.8,19.6,1.7,70.2,990.8,9.7,1,Rainy,0,"Kumbo, Cameroon",6.2,10.66
2024-03-14,2024,3,14,74,18.0,14.8,23.8,3.5,92.8,1012.0,15.0,1,Rainy,0,"Kumbo, Cameroon",6.2,10.66
2024-03-15,2024,3,15,75,16.0,10.9,19.3,2.3,67.8,1011.0,10.9,1,Rainy,0,"Kumbo, Cameroon",6.2,10.66
2024-03-16,2024,3,16,76,12.3,10.0,17.0,3.2,79.5,1018.6,9.0,1,Rainy,1,"Kumbo, Cameroon",6.2,10.66
2024-03-17,2024,3,17,77,18.2,15.2,21.9,1.9,74.9,1013.4,13.8,1,Rainy,1,"Kumbo, Cameroon",6.2,10.66
2024-03-18,2024,3,18,78,18.7,14.5,23.3,4.0,91.5,1007.6,13.1,1,Rainy,0,"Kumbo, Cameroon",6.2,10.66
2024-03-19,2024,3,19,79,16.1,11.7,20.5,10.6,88.1,1009.1,9.5,1,Rainy,0,"Kumbo, Cameroon",6.2,10.66
2024-03-20,2024,3,20,80,17.2,13.9,22.0,2.8,64.9,1019.1,5.3,1,Rainy,0,"Kumbo, Cameroon",6.2,10.66
2024-03-21,2024,3,21,81,18.8,15.3,23.1,3.7,83.4,1016.9,13.2,1,Rainy,0,"Kumbo, Cameroon",6.2,10.66
2024-03-22,2024,3,22,82,17.2,12.2,21.3,0.6,86.0,1010.8,11.2,0,Rainy,0,"Kumbo, Cameroon",6.2,10.66
2024-03-23,2024,3,23,83,19.0,13.1,23.4,2.4,70.3,1040.7,7.5,1,Rainy,1,"Kumbo, Cameroon",6.2,10.66
2024-03-24,2024,3,24,84,14.6,10.0,19.1,2.8,73.2,1020.6,13.3,1,Rainy,1,"Kumbo, Cameroon",6.2,10.66
2024-03-25,2024,3,25,85,21.2,16.1,24.4,7.8,95.0,1001.5,13.0,1,Rainy,0,"Kumbo, Cameroon",6.2,10.66
2024-03-26,2024,3,26,86,20.5,14.9,23.9,18.3,77.0,1013.9,9.4,1,Rainy,0,"Kumbo, Cameroon",6.2,10.66
2024-03-27,2024,3,27,87,22.0,16.9,27.7,1.8,87.5,1009.8,14.7,1,Rainy,0,"Kumbo, Cameroon",6.2,10.66
2024-03-28,2024,3,28,88,17.8,13.6,22.8,7.5,95.0,1011.7,6.9,1,Rainy,0,"Kumbo, Cameroon",6.2,10.66
2024-03-29,2024,3,29,89,18.0,13.2,21.4,2.3,68.7,1007.6,13.9,1,Rainy,0,"Kumbo, Cameroon",6.2,10.66
2024-03-30,2024,3,30,90,18.0,13.2,22.8,11.4,70.3,1001.8,8.0,1,Rainy,1,"Kumbo, Cameroon",6.2,10.66
2024-03-31,2024,3,31,91,17.1,12.3,22.2,4.1,78.3,1031.0,7.8,1,Rainy,1,"Kumbo, Cameroon",6.2,10.66
2024-04-01,2024,4,1,92,19.6,14.2,23.2,2.2,67.5,1014.3,5.2,1,Rainy,0,"Kumbo, Cameroon",6.2,10.66
2024-04-02,2024,4,2,93,21.2,18.0,24.7,6.2,40.6,1017.8,8.3,1,Rainy,0,"Kumbo, Cameroon",6.2,10.66
2024-04-03,2024,4,3,94,17.3,13.1,21.6,5.0,95.0,1020.5,10.6,1,Rainy,0,"Kumbo, Cameroon",6.2,10.66
2024-04-04,2024,4,4,95,21.1,17.6,24.9,8.2,73.7,1030.0,8.4,1,Rainy,0,"Kumbo, Cameroon",6.2,10.66
2024-04-05,2024,4,5,96,19.4,13.4,23.6,1.0,79.7,1003.0,11.8,1,Rainy,0,"Kumbo, Cameroon",6.2,10.66
2024-04-06,2024,4,6,97,20.7,16.0,25.7,2.8,67.5,1010.0,8.4,1,Rainy,1,"Kumbo, Cameroon",6.2,10.66
2024-04-07,2024,4,7,98,18.9,15.1,24.5,1.8,60.0,1022.8,5.1,1,Rainy,1,"Kumbo, Cameroon",6.2,10.66
2024-04-08,2024,4,8,99,20.5,16.8,24.6,1.0,89.3,996.4,7.4,1,Rainy,0,"Kumbo, Cameroon",6.2,10.66
2024-04-09,2024,4,9,100,15.4,10.0,18.4,4.2,72.5,1028.8,5.7,1,Rainy,0,"Kumbo, Cameroon",6.2,10.66
2024-04-10,2024,4,10,101,20.4,17.1,26.2,4.0,85.6,1033.7,8.6,1,Rainy,0,"Kumbo, Cameroon",6.2,10.66
2024-04-11,2024,4,11,102,19.7,15.8,23.9,5.0,84.0,1005.4,12.4,1,Rainy,0,"Kumbo, Cameroon",6.2,10.66
2024-04-12,2024,4,12,103,18.4,13.9,23.5,3.6,82.1,1017.9,8.7,1,Rainy,0,"Kumbo, Cameroon",6.2,10.66
2024-04-13,2024,4,13,104,19.4,15.4,24.8,1.8,80.1,1001.4,5.6,1,Rainy,1,"Kumbo, Cameroon",6.2,10.66
2024-04-14,2024,4,14,105,17.6,14.5,23.3,12.9,80.8,1006.5,9.6,1,Rainy,1,"Kumbo, Cameroon",6.2,10.66
2024-04-15,2024,4,15,106,23.5,18.0,28.0,0.7,74.3,1000.5,14.9,0,Rainy,0,"Kumbo, Cameroon",6.2,10.66
2024-04-16,2024,4,16,107,21.0,16.9,24.1,6.2,72.6,1015.4,10.1,1,Rainy,0,"Kumbo, Cameroon",6.2,10.66
2024-04-17,2024,4,17,108,20.0,14.7,24.5,4.1,63.5,1034.0,8.1,1,Rainy,0,"Kumbo, Cameroon",6.2,10.66
2024-04-18,2024,4,18,109,18.7,14.9,22.7,1.4,86.2,1022.9,11.6,1,Rainy,0,"Kumbo, Cameroon",6.2,10.66
2024-04-19,2024,4,19,110,22.5,18.6,26.7,8.9,64.8,1014.6,14.3,1,Rainy,0,"Kumbo, Cameroon",6.2,10.66
2024-04-20,2024,4,20,111,20.9,16.6,24.5,1.0,81.9,1004.7,6.0,1,Rainy,1,"Kumbo, Cameroon",6.2,10.66
2024-04-21,2024,4,21,112,22.4,18.3,28.0,8.8,85.7,1017.9,11.0,1,Rainy,1,"Kumbo, Cameroon",6.2,10.66
2024-04-22,2024,4,22,113,22.5,18.3,26.9,6.6,69.0,1014.9,8.9,1,Rainy,0,"Kumbo, Cameroon",6.2,10.66
2024-04-23,2024,4,23,114,23.6,20.3,28.0,5.2,57.4,1008.8,5.8,1,Rainy,0,"Kumbo, Cameroon",6.2,10.66
2024-04-24,2024,4,24,115,20.8,17.6,25.9,3.4,79.3,1013.5,14.4,1,Rainy,0,"Kumbo, Cameroon",6.2,10.66
2024-04-25,2024,4,25,116,21.1,16.0,24.6,8.5,78.7,1018.4,8.3,1,Rainy,0,"Kumbo, Cameroon",6.2,10.66
2024-04-26,2024,4,26,117,21.9,18.6,27.4,8.8,82.1,1006.0,11.1,1,Rainy,0,"Kumbo, Cameroon",6.2,10.66
2024-04-27,2024,4,27,118,25.1,19.6,28.0,7.3,56.1,1013.5,5.8,1,Rainy,1,"Kumbo, Cameroon",6.2,10.66
2024-04-28,2024,4,28,119,19.6,16.5,25.3,0.5,75.1,1004.3,9.4,0,Rainy,1,"Kumbo, Cameroon",6.2,10.66
2024-04-29,2024,4,29,120,20.7,16.8,25.6,6.0,65.9,1019.4,9.0,1,Rainy,0,"Kumbo, Cameroon",6.2,10.66
2024-04-30,2024,4,30,121,21.1,15.6,25.8,4.2,65.0,1020.1,6.4,1,Rainy,0,"Kumbo, Cameroon",6.2,10.66
2024-05-01,2024,5,1,122,19.2,13.3,23.3,6.3,74.2,991.3,14.0,1,Rainy,0,"Kumbo, Cameroon",6.2,10.66
2024-05-02,2024,5,2,123,19.9,16.3,23.7,2.1,80.8,1016.2,13.6,1,Rainy,0,"Kumbo, Cameroon",6.2,10.66
2024-05-03,2024,5,3,124,21.7,16.5,25.3,16.3,79.2,1014.7,8.8,1,Rainy,0,"Kumbo, Cameroon",6.2,10.66
2024-05-04,2024,5,4,125,24.0,18.4,28.0,5.3,69.4,1004.3,13.0,1,Rainy,1,"Kumbo, Cameroon",6.2,10.66
2024-05-05,2024,5,5,126,21.2,15.5,26.2,4.0,60.2,1014.3,6.7,1,Rainy,1,"Kumbo, Cameroon",6.2,10.66
2024-05-06,2024,5,6,127,18.2,13.9,23.4,5.7,95.0,999.2,8.3,1,Rainy,0,"Kumbo, Cameroon",6.2,10.66
2024-05-07,2024,5,7,128,21.4,17.3,25.9,0.8,72.6,1018.8,7.1,0,Rainy,0,"Kumbo, Cameroon",6.2,10.66
2024-05-08,2024,5,8,129,23.8,19.1,28.0,1.7,78.2,1023.7,10.9,1,Rainy,0,"Kumbo, Cameroon",6.2,10.66
2024-05-09,2024,5,9,130,23.8,20.3,28.0,5.2,95.0,1002.8,11.7,1,Rainy,0,"Kumbo, Cameroon",6.2,10.66
2024-05-10,2024,5,10,131,21.8,16.7,25.1,4.3,88.5,1009.6,14.9,1,Rainy,0,"Kumbo, Cameroon",6.2,10.66
2024-05-11,2024,5,11,132,22.5,18.1,27.0,2.5,66.2,1005.5,13.8,1,Rainy,1,"Kumbo, Cameroon",6.2,10.66
2024-05-12,2024,5,12,133,22.1,16.2,27.7,4.1,79.5,1026.0,10.6,1,Rainy,1,"Kumbo, Cameroon",6.2,10.66
2024-05-13,2024,5,13,134,24.0,21.0,28.0,2.2,83.7,1001.5,7.5,1,Rainy,0,"Kumbo, Cameroon",6.2,10.66
2024-05-14,2024,5,14,135,17.6,13.0,21.1,7.5,72.7,1019.9,10.8,1,Rainy,0,"Kumbo, Cameroon",6.2,10.66
2024-05-15,2024,5,15,136,19.3,14.9,23.1,2.8,80.3,1020.0,14.7,1,Rainy,0,"Kumbo, Cameroon",6.2,10.66
2024-05-16,2024,5,16,137,23.1,19.6,28.0,0.8,76.4,1012.4,13.8,0,Rainy,0,"Kumbo, Cameroon",6.2,10.66
2024-05-17,2024,5,17,138,21.7,16.9,25.8,1.1,70.8,1008.6,6.0,1,Rainy,0,"Kumbo, Cameroon",6.2,10.66
2024-05-18,2024,5,18,139,22.1,18.8,26.0,6.2,48.8,1001.4,6.8,1,Rainy,1,"Kumbo, Cameroon",6.2,10.66
2024-05-19,2024,5,19,140,23.3,19.1,27.3,3.1,81.6,1013.9,13.6,1,Rainy,1,"Kumbo, Cameroon",6.2,10.66
2024-05-20,2024,5,20,141,24.5,19.1,28.0,4.2,74.5,992.5,6.9,1,Rainy,0,"Kumbo, Cameroon",6.2,10.66
2024-05-21,2024,5,21,142,23.5,18.2,27.3,9.2,58.0,1000.9,8.1,1,Rainy,0,"Kumbo, Cameroon",6.2,10.66
2024-05-22,2024,5,22,143,21.8,17.1,26.0,4.8,65.4,1000.0,8.5,1,Rainy,0,"Kumbo, Cameroon",6.2,10.66
2024-05-23,2024,5,23,144,20.6,16.8,24.3,6.3,87.5,1018.8,7.2,1,Rainy,0,"Kumbo, Cameroon",6.2,10.66
2024-05-24,2024,5,24,145,18.8,13.1,22.2,13.8,84.6,1000.8,8.7,1,Rainy,0,"Kumbo, Cameroon",6.2,10.66
2024-05-25,2024,5,25,146,22.3,18.5,27.6,7.7,78.0,1005.5,5.8,1,Rainy,1,"Kumbo, Cameroon",6.2,10.66
2024-05-26,2024,5,26,147,21.5,17.8,25.4,13.7,80.5,1017.7,13.0,1,Rainy,1,"Kumbo, Cameroon",6.2,10.66
2024-05-27,2024,5,27,148,22.7,18.0,28.0,10.9,60.7,1018.8,12.4,1,Rainy,0,"Kumbo, Cameroon",6.2,10.66
2024-05-28,2024,5,28,149,23.7,20.6,28.0,2.6,51.6,1001.3,7.6,1,Rainy,0,"Kumbo, Cameroon",6.2,10.66
2024-05-29,2024,5,29,150,24.1,19.2,28.0,4.8,76.0,1000.8,14.5,1,Rainy,0,"Kumbo, Cameroon",6.2,10.66
2024-05-30,2024,5,30,151,25.4,21.5,28.0,3.2,62.0,1024.5,12.6,1,Rainy,0,"Kumbo, Cameroon",6.2,10.66
2024-05-31,2024,5,31,152,23.4,18.5,28.0,5.6,85.0,1011.4,8.4,1,Rainy,0,"Kumbo, Cameroon",6.2,10.66
2024-06-01,2024,6,1,153,24.5,19.9,28.0,4.1,83.1,1007.8,9.3,1,Rainy,1,"Kumbo, Cameroon",6.2,10.66
2024-06-02,2024,6,2,154,23.0,19.1,28.0,10.0,75.4,1006.4,12.2,1,Rainy,1,"Kumbo, Cameroon",6.2,10.66
2024-06-03,2024,6,3,155,24.3,20.2,27.4,0.3,57.4,1010.2,8.1,0,Rainy,0,"Kumbo, Cameroon",6.2,10.66
2024-06-04,2024,6,4,156,23.6,19.2,27.4,1.7,70.1,1000.2,14.7,1,Rainy,0,"Kumbo, Cameroon",6.2,10.66
2024-06-05,2024,6,5,157,23.0,17.3,26.8,4.0,79.5,1006.4,10.8,1,Rainy,0,"Kumbo, Cameroon",6.2,10.66
2024-06-06,2024,6,6,158,22.0,17.8,26.0,7.6,82.9,1018.8,11.2,1,Rainy,0,"Kumbo, Cameroon",6.2,10.66
2024-06-07,2024,6,7,159,23.4,19.8,26.7,5.3,82.7,1021.4,7.9,1,Rainy,0,"Kumbo, Cameroon",6.2,10.66
2024-06-08,2024,6,8,160,23.5,18.1,27.4,5.2,75.8,1018.7,9.6,1,Rainy,1,"Kumbo, Cameroon",6.2,10.66
2024-06-09,2024,6,9,161,24.2,20.6,28.0,4.7,95.0,1020.9,13.4,1,Rainy,1,"Kumbo, Cameroon",6.2,10.66
2024-06-10,2024,6,10,162,24.5,20.5,28.0,1.6,75.9,1025.5,6.8,1,Rainy,0,"Kumbo, Cameroon",6.2,10.66
2024-06-11,2024,6,11,163,20.2,16.2,25.9,17.0,84.2,1025.6,6.8,1,Rainy,0,"Kumbo, Cameroon",6.2,10.66
2024-06-12,2024,6,12,164,24.7,21.4,28.0,2.3,71.1,1025.2,14.9,1,Rainy,0,"Kumbo, Cameroon",6.2,10.66
2024-06-13,2024,6,13,165,24.2,19.6,28.0,10.6,75.0,1019.8,11.1,1,Rainy,0,"Kumbo, Cameroon",6.2,10.66
2024-06-14,2024,6,14,166,23.2,18.9,28.0,3.5,79.3,1012.6,11.0,1,Rainy,0,"Kumbo, Cameroon",6.2,10.66
2024-06-15,2024,6,15,167,22.9,19.8,28.0,1.7,69.0,1014.9,5.4,1,Rainy,1,"Kumbo, Cameroon",6.2,10.66
2024-06-16,2024,6,16,168,24.4,18.9,28.0,11.1,58.1,1007.5,14.7,1,Rainy,1,"Kumbo, Cameroon",6.2,10.66
2024-06-17,2024,6,17,169,20.6,17.0,26.6,6.7,79.9,1020.8,14.2,1,Rainy,0,"Kumbo, Cameroon",6.2,10.66
2024-06-18,2024,6,18,170,21.2,15.3,26.2,7.1,71.4,1011.4,5.4,1,Rainy,0,"Kumbo, Cameroon",6.2,10.66
2024-06-19,2024,6,19,171,24.5,21.3,28.0,4.4,90.3,1006.7,14.8,1,Rainy,0,"Kumbo, Cameroon",6.2,10.66
2024-06-20,2024,6,20,172,23.5,19.9,28.0,6.4,72.7,1010.0,5.2,1,Rainy,0,"Kumbo, Cameroon",6.2,10.66
2024-06-21,2024,6,21,173,24.0,18.7,28.0,1.1,73.6,1012.8,6.0,1,Rainy,0,"Kumbo, Cameroon",6.2,10.66
2024-06-22,2024,6,22,174,24.2,19.8,28.0,3.4,58.0,1011.2,7.9,1,Rainy,1,"Kumbo, Cameroon",6.2,10.66
2024-06-23,2024,6,23,175,24.1,19.6,27.8,7.2,48.2,1025.8,7.7,1,Rainy,1,"Kumbo, Cameroon",6.2,10.66
2024-06-24,2024,6,24,176,22.8,19.2,27.3,4.6,77.4,1013.2,9.2,1,Rainy,0,"Kumbo, Cameroon",6.2,10.66
2024-06-25,2024,6,25,177,19.7,16.7,23.8,3.7,65.9,1008.8,8.0,1,Rainy,0,"Kumbo, Cameroon",6.2,10.66
2024-06-26,2024,6,26,178,18.7,13.1,22.5,0.5,65.5,1013.1,11.2,0,Rainy,0,"Kumbo, Cameroon",6.2,10.66
2024-06-27,2024,6,27,179,19.8,15.0,24.1,7.0,71.2,1014.3,9.2,1,Rainy,0,"Kumbo, Cameroon",6.2,10.66
2024-06-28,2024,6,28,180,24.6,19.4,28.0,2.6,58.8,1013.3,11.9,1,Rainy,0,"Kumbo, Cameroon",6.2,10.66
2024-06-29,2024,6,29,181,20.8,16.0,26.4,1.5,91.2,1001.1,14.2,1,Rainy,1,"Kumbo, Cameroon",6.2,10.66
2024-06-30,2024,6,30,182,23.8,18.7,28.0,5.5,76.0,1022.8,6.3,1,Rainy,1,"Kumbo, Cameroon",6.2,10.66
2024-07-01,2024,7,1,183,25.7,21.3,28.0,9.4,71.7,1012.9,10.9,1,Rainy,0,"Kumbo, Cameroon",6.2,10.66
2024-07-02,2024,7,2,184,25.3,21.4,28.0,2.8,93.9,1040.1,11.7,1,Rainy,0,"Kumbo, Cameroon",6.2,10.66
2024-07-03,2024,7,3,185,24.5,20.4,28.0,6.0,76.7,1010.0,11.4,1,Rainy,0,"Kumbo, Cameroon",6.2,10.66
2024-07-04,2024,7,4,186,23.1,17.7,27.6,12.9,95.0,1016.8,13.5,1,Rainy,0,"Kumbo, Cameroon",6.2,10.66
2024-07-05,2024,7,5,187,25.1,19.4,28.0,13.5,82.2,1015.1,8.3,1,Rainy,0,"Kumbo, Cameroon",6.2,10.66
2024-07-06,2024,7,6,188,25.4,22.2,28.0,16.8,48.2,1004.6,7.0,1,Rainy,1,"Kumbo, Cameroon",6.2,10.66
2024-07-07,2024,7,7,189,21.9,18.1,26.7,8.0,80.1,1023.2,6.5,1,Rainy,1,"Kumbo, Cameroon",6.2,10.66
2024-07-08,2024,7,8,190,22.2,16.7,26.8,7.1,83.4,1024.6,5.9,1,Rainy,0,"Kumbo, Cameroon",6.2,10.66
2024-07-09,2024,7,9,191,21.8,16.1,26.2,4.6,92.6,1027.0,12.1,1,Rainy,0,"Kumbo, Cameroon",6.2,10.66
2024-07-10,2024,7,10,192,23.8,18.3,28.0,6.3,63.4,1003.2,7.5,1,Rainy,0,"Kumbo, Cameroon",6.2,10.66
2024-07-11,2024,7,11,193,25.9,21.2,28.0,8.7,91.8,1010.5,10.3,1,Rainy,0,"Kumbo, Cameroon",6.2,10.66
2024-07-12,2024,7,12,194,22.8,18.8,26.6,6.5,80.3,1024.6,10.2,1,Rainy,0,"Kumbo, Cameroon",6.2,10.66
2024-07-13,2024,7,13,195,22.2,16.9,26.7,6.4,77.8,1017.7,12.7,1,Rainy,1,"Kumbo, Cameroon",6.2,10.66
2024-07-14,2024,7,14,196,21.2,17.8,25.4,7.8,69.8,1034.7,13.2,1,Rainy,1,"Kumbo, Cameroon",6.2,10.66
2024-07-15,2024,7,15,197,23.2,20.2,28.0,9.9,82.0,1020.2,10.1,1,Rainy,0,"Kumbo, Cameroon",6.2,10.66
2024-07-16,2024,7,16,198,20.3,14.7,23.8,7.9,62.1,1008.8,11.5,1,Rainy,0,"Kumbo, Cameroon",6.2,10.66
2024-07-17,2024,7,17,199,23.9,19.0,27.1,17.7,81.4,1004.3,6.1,1,Rainy,0,"Kumbo, Cameroon",6.2,10.66
2024-07-18,2024,7,18,200,23.6,20.3,28.0,10.1,69.7,1003.7,7.2,1,Rainy,0,"Kumbo, Cameroon",6.2,10.66
2024-07-19,2024,7,19,201,23.2,18.2,28.0,6.3,88.6,1015.1,14.5,1,Rainy,0,"Kumbo, Cameroon",6.2,10.66
2024-07-20,2024,7,20,202,19.4,15.6,25.3,14.4,68.2,1012.0,14.0,1,Rainy,1,"Kumbo, Cameroon",6.2,10.66
2024-07-21,2024,7,21,203,21.5,17.8,25.9,8.6,85.3,1000.3,10.9,1,Rainy,1,"Kumbo, Cameroon",6.2,10.66
2024-07-22,2024,7,22,204,20.3,16.1,24.5,8.5,84.9,1024.4,8.4,1,Rainy,0,"Kumbo, Cameroon",6.2,10.66
2024-07-23,2024,7,23,205,20.4,14.6,24.2,5.0,88.5,995.7,7.8,1,Rainy,0,"Kumbo, Cameroon",6.2,10.66
2024-07-24,2024,7,24,206,24.4,19.1,28.0,3.3,74.0,1007.7,11.5,1,Rainy,0,"Kumbo, Cameroon",6.2,10.66
2024-07-25,2024,7,25,207,24.2,20.1,28.0,8.3,68.0,1007.3,14.9,1,Rainy,0,"Kumbo, Cameroon",6.2,10.66
2024-07-26,2024,7,26,208,20.4,16.7,25.7,4.1,67.2,1009.7,12.1,1,Rainy,0,"Kumbo, Cameroon",6.2,10.66
2024-07-27,2024,7,27,209,21.3,17.3,26.0,6.3,75.2,1018.2,5.8,1,Rainy,1,"Kumbo, Cameroon",6.2,10.66
2024-07-28,2024,7,28,210,26.0,22.2,28.0,14.8,78.7,1001.5,8.3,1,Rainy,1,"Kumbo, Cameroon",6.2,10.66
2024-07-29,2024,7,29,211,21.7,17.4,26.8,13.7,60.8,1017.7,6.6,1,Rainy,0,"Kumbo, Cameroon",6.2,10.66
2024-07-30,2024,7,30,212,22.4,18.9,25.7,7.7,74.9,1011.5,9.2,1,Rainy,0,"Kumbo, Cameroon",6.2,10.66
2024-07-31,2024,7,31,213,24.2,19.6,28.0,8.2,81.6,1006.6,10.6,1,Rainy,0,"Kumbo, Cameroon",6.2,10.66
2024-08-01,2024,8,1,214,22.1,18.0,25.2,10.7,88.1,1006.8,8.5,1,Rainy,0,"Kumbo, Cameroon",6.2,10.66
2024-08-02,2024,8,2,215,21.4,15.5,24.9,6.2,69.1,1009.8,14.5,1,Rainy,0,"Kumbo, Cameroon",6.2,10.66
2024-08-03,2024,8,3,216,19.9,14.5,25.4,10.0,79.2,1013.8,8.7,1,Rainy,1,"Kumbo, Cameroon",6.2,10.66
2024-08-04,2024,8,4,217,18.9,15.7,23.1,4.1,86.3,1024.7,13.9,1,Rainy,1,"Kumbo, Cameroon",6.2,10.66
2024-08-05,2024,8,5,218,21.8,18.6,26.2,10.0,64.3,1011.0,10.4,1,Rainy,0,"Kumbo, Cameroon",6.2,10.66
2024-08-06,2024,8,6,219,21.5,17.1,24.7,7.3,75.0,1004.9,7.2,1,Rainy,0,"Kumbo, Cameroon",6.2,10.66
2024-08-07,2024,8,7,220,24.0,20.3,27.7,3.3,72.1,1024.5,14.3,1,Rainy,0,"Kumbo, Cameroon",6.2,10.66
2024-08-08,2024,8,8,221,19.3,14.9,22.4,6.5,93.4,1013.0,8.9,1,Rainy,0,"Kumbo, Cameroon",6.2,10.66
2024-08-09,2024,8,9,222,20.6,16.5,25.9,14.5,94.0,1015.4,9.5,1,Rainy,0,"Kumbo, Cameroon",6.2,10.66
2024-08-10,2024,8,10,223,22.3,16.4,26.4,7.4,83.2,1010.4,7.8,1,Rainy,1,"Kumbo, Cameroon",6.2,10.66
2024-08-11,2024,8,11,224,22.7,18.7,25.9,1.3,67.8,1019.1,10.0,1,Rainy,1,"Kumbo, Cameroon",6.2,10.66
2024-08-12,2024,8,12,225,20.5,15.6,24.5,13.0,70.9,1004.8,14.6,1,Rainy,0,"Kumbo, Cameroon",6.2,10.66
2024-08-13,2024,8,13,226,18.7,14.2,22.3,13.5,72.1,1000.8,10.3,1,Rainy,0,"Kumbo, Cameroon",6.2,10.66
2024-08-14,2024,8,14,227,20.1,15.4,25.8,11.6,95.0,1019.7,14.8,1,Rainy,0,"Kumbo, Cameroon",6.2,10.66
2024-08-15,2024,8,15,228,20.8,16.7,26.3,7.1,71.4,1002.6,14.4,1,Rainy,0,"Kumbo, Cameroon",6.2,10.66
2024-08-16,2024,8,16,229,17.8,12.2,21.9,7.6,77.2,1024.7,10.3,1,Rainy,0,"Kumbo, Cameroon",6.2,10.66
2024-08-17,2024,8,17,230,19.6,16.0,25.3,6.6,64.4,997.9,12.6,1,Rainy,1,"Kumbo, Cameroon",6.2,10.66
2024-08-18,2024,8,18,231,26.0,22.2,28.0,6.7,80.5,996.0,7.7,1,Rainy,1,"Kumbo, Cameroon",6.2,10.66
2024-08-19,2024,8,19,232,22.1,16.8,27.2,20.2,89.8,1007.8,13.1,1,Rainy,0,"Kumbo, Cameroon",6.2,10.66
2024-08-20,2024,8,20,233,20.2,14.9,24.1,12.7,75.2,999.9,9.6,1,Rainy,0,"Kumbo, Cameroon",6.2,10.66
2024-08-21,2024,8,21,234,20.4,15.8,26.1,7.4,56.0,1009.9,13.5,1,Rainy,0,"Kumbo, Cameroon",6.2,10.66
2024-08-22,2024,8,22,235,20.1,15.7,24.7,7.3,80.5,1000.0,8.5,1,Rainy,0,"Kumbo, Cameroon",6.2,10.66
2024-08-23,2024,8,23,236,17.2,14.1,21.2,9.0,91.1,1010.3,13.1,1,Rainy,0,"Kumbo, Cameroon",6.2,10.66
2024-08-24,2024,8,24,237,19.9,16.7,23.6,13.0,74.9,1017.1,11.3,1,Rainy,1,"Kumbo, Cameroon",6.2,10.66
2024-08-25,2024,8,25,238,24.1,19.9,28.0,2.2,73.3,1008.3,6.0,1,Rainy,1,"Kumbo, Cameroon",6.2,10.66
2024-08-26,2024,8,26,239,22.9,17.4,28.0,8.0,95.0,1013.9,13.3,1,Rainy,0,"Kumbo, Cameroon",6.2,10.66
2024-08-27,2024,8,27,240,21.0,16.2,24.6,0.8,83.7,1010.7,9.3,0,Rainy,0,"Kumbo, Cameroon",6.2,10.66
2024-08-28,2024,8,28,241,19.1,15.6,24.0,5.0,65.3,1008.3,12.9,1,Rainy,0,"Kumbo, Cameroon",6.2,10.66
2024-08-29,2024,8,29,242,20.4,14.9,25.9,7.1,54.6,1018.5,7.3,1,Rainy,0,"Kumbo, Cameroon",6.2,10.66
2024-08-30,2024,8,30,243,20.5,15.9,25.8,16.3,74.8,1020.5,11.9,1,Rainy,0,"Kumbo, Cameroon",6.2,10.66
2024-08-31,2024,8,31,244,19.5,16.3,23.9,5.4,49.6,1006.2,7.3,1,Rainy,1,"Kumbo, Cameroon",6.2,10.66
2024-09-01,2024,9,1,245,16.4,13.2,19.5,8.5,58.4,993.6,6.7,1,Rainy,1,"Kumbo, Cameroon",6.2,10.66
2024-09-02,2024,9,2,246,23.5,17.8,28.0,6.2,73.5,1002.4,9.5,1,Rainy,0,"Kumbo, Cameroon",6.2,10.66
2024-09-03,2024,9,3,247,19.5,13.6,23.1,3.6,65.4,1008.9,9.9,1,Rainy,0,"Kumbo, Cameroon",6.2,10.66
2024-09-04,2024,9,4,248,21.0,17.9,25.6,8.9,81.1,1019.8,11.7,1,Rainy,0,"Kumbo, Cameroon",6.2,10.66
2024-09-05,2024,9,5,249,18.7,12.9,23.9,7.4,81.4,1026.6,12.7,1,Rainy,0,"Kumbo, Cameroon",6.2,10.66
2024-09-06,2024,9,6,250,20.8,17.7,25.6,9.4,59.0,1007.7,9.8,1,Rainy,0,"Kumbo, Cameroon",6.2,10.66
2024-09-07,2024,9,7,251,17.7,11.8,22.7,1.5,79.3,1018.0,11.7,1,Rainy,1,"Kumbo, Cameroon",6.2,10.66
2024-09-08,2024,9,8,252,21.1,17.9,24.9,4.3,78.7,1007.9,7.1,1,Rainy,1,"Kumbo, Cameroon",6.2,10.66
2024-09-09,2024,9,9,253,20.4,16.4,26.3,5.3,77.1,1037.7,12.6,1,Rainy,0,"Kumbo, Cameroon",6.2,10.66
2024-09-10,2024,9,10,254,17.9,12.6,23.1,11.8,95.0,1005.0,9.2,1,Rainy,0,"Kumbo, Cameroon",6.2,10.66
2024-09-11,2024,9,11,255,17.0,11.9,23.0,8.2,83.5,1012.2,14.4,1,Rainy,0,"Kumbo, Cameroon",6.2,10.66
2024-09-12,2024,9,12,256,18.2,13.6,24.2,10.3,79.8,1022.8,11.3,1,Rainy,0,"Kumbo, Cameroon",6.2,10.66
2024-09-13,2024,9,13,257,17.3,13.8,21.9,5.4,91.3,1011.9,6.6,1,Rainy,0,"Kumbo, Cameroon",6.2,10.66
2024-09-14,2024,9,14,258,20.1,14.9,24.0,7.6,63.3,1006.4,14.8,1,Rainy,1,"Kumbo, Cameroon",6.2,10.66
2024-09-15,2024,9,15,259,16.8,11.6,21.4,7.0,90.6,1017.7,5.1,1,Rainy,1,"Kumbo, Cameroon",6.2,10.66
2024-09-16,2024,9,16,260,17.4,12.9,23.0,10.2,79.2,1012.6,6.6,1,Rainy,0,"Kumbo, Cameroon",6.2,10.66
2024-09-17,2024,9,17,261,17.5,14.1,23.1,13.6,87.6,1008.1,7.1,1,Rainy,0,"Kumbo, Cameroon",6.2,10.66
2024-09-18,2024,9,18,262,18.3,14.5,23.1,8.4,64.0,995.7,9.6,1,Rainy,0,"Kumbo, Cameroon",6.2,10.66
2024-09-19,2024,9,19,263,15.3,10.4,19.3,7.5,74.6,1005.9,14.6,1,Rainy,0,"Kumbo, Cameroon",6.2,10.66
2024-09-20,2024,9,20,264,18.9,13.3,22.1,10.5,77.5,1013.3,7.3,1,Rainy,0,"Kumbo, Cameroon",6.2,10.66
2024-09-21,2024,9,21,265,15.5,11.0,21.1,11.8,75.9,1011.6,8.3,1,Rainy,1,"Kumbo, Cameroon",6.2,10.66
2024-09-22,2024,9,22,266,16.9,12.6,20.2,8.4,71.9,1008.2,6.3,1,Rainy,1,"Kumbo, Cameroon",6.2,10.66
2024-09-23,2024,9,23,267,17.0,11.6,20.2,4.9,60.8,1006.2,10.8,1,Rainy,0,"Kumbo, Cameroon",6.2,10.66
2024-09-24,2024,9,24,268,20.8,15.8,26.0,6.7,51.9,1019.2,14.5,1,Rainy,0,"Kumbo, Cameroon",6.2,10.66
2024-09-25,2024,9,25,269,13.2,10.0,17.3,16.1,82.1,1020.3,8.3,1,Rainy,0,"Kumbo, Cameroon",6.2,10.66
2024-09-26,2024,9,26,270,14.8,10.3,20.7,10.3,83.3,1029.4,9.7,1,Rainy,0,"Kumbo, Cameroon",6.2,10.66
2024-09-27,2024,9,27,271,18.2,14.4,22.0,4.6,56.9,1012.0,10.1,1,Rainy,0,"Kumbo, Cameroon",6.2,10.66
2024-09-28,2024,9,28,272,15.4,10.0,20.2,8.4,54.1,1005.6,5.7,1,Rainy,1,"Kumbo, Cameroon",6.2,10.66
2024-09-29,2024,9,29,273,15.6,10.6,19.9,1.5,81.8,1022.1,11.4,1,Rainy,1,"Kumbo, Cameroon",6.2,10.66
2024-09-30,2024,9,30,274,16.5,11.5,21.3,3.4,85.2,1014.9,14.7,1,Rainy,0,"Kumbo, Cameroon",6.2,10.66
2024-10-01,2024,10,1,275,15.8,10.1,20.3,4.3,88.9,1020.8,14.0,1,Rainy,0,"Kumbo, Cameroon",6.2,10.66
2024-10-02,2024,10,2,276,14.7,11.3,19.1,11.5,71.8,1028.4,5.8,1,Rainy,0,"Kumbo, Cameroon",6.2,10.66
2024-10-03,2024,10,3,277,17.5,14.1,22.1,1.1,95.0,1002.9,8.8,1,Rainy,0,"Kumbo, Cameroon",6.2,10.66
2024-10-04,2024,10,4,278,16.4,12.8,22.1,3.7,76.5,1038.7,10.3,1,Rainy,0,"Kumbo, Cameroon",6.2,10.66
2024-10-05,2024,10,5,279,17.4,12.0,23.3,7.4,92.1,991.9,8.6,1,Rainy,1,"Kumbo, Cameroon",6.2,10.66
2024-10-06,2024,10,6,280,15.3,10.9,19.7,1.8,77.3,1012.8,14.0,1,Rainy,1,"Kumbo, Cameroon",6.2,10.66
2024-10-07,2024,10,7,281,19.2,15.9,23.8,1.6,76.9,1006.4,5.7,1,Rainy,0,"Kumbo, Cameroon",6.2,10.66
2024-10-08,2024,10,8,282,18.9,15.0,22.5,1.9,73.3,1008.3,11.6,1,Rainy,0,"Kumbo, Cameroon",6.2,10.66
2024-10-09,2024,10,9,283,16.9,12.6,21.5,3.9,81.7,1026.9,5.6,1,Rainy,0,"Kumbo, Cameroon",6.2,10.66
2024-10-10,2024,10,10,284,16.1,12.3,19.2,3.6,65.6,1023.5,14.2,1,Rainy,0,"Kumbo, Cameroon",6.2,10.66
2024-10-11,2024,10,11,285,13.1,10.0,16.2,7.0,93.9,1028.5,14.0,1,Rainy,0,"Kumbo, Cameroon",6.2,10.66
2024-10-12,2024,10,12,286,20.1,16.1,24.5,4.6,76.8,1015.0,5.4,1,Rainy,1,"Kumbo, Cameroon",6.2,10.66
2024-10-13,2024,10,13,287,13.3,10.0,16.5,2.0,93.8,1009.1,10.4,1,Rainy,1,"Kumbo, Cameroon",6.2,10.66
2024-10-14,2024,10,14,288,19.2,14.6,24.7,2.4,73.1,1008.6,5.5,1,Rainy,0,"Kumbo, Cameroon",6.2,10.66
2024-10-15,2024,10,15,289,14.7,10.0,19.1,8.6,51.9,1014.7,8.7,1,Rainy,0,"Kumbo, Cameroon",6.2,10.66
2024-10-16,2024,10,16,290,17.0,11.2,22.5,15.7,85.6,1010.4,12.8,1,Rainy,0,"Kumbo, Cameroon",6.2,10.66
2024-10-17,2024,10,17,291,16.2,11.6,20.5,4.9,74.4,1012.9,12.2,1,Rainy,0,"Kumbo, Cameroon",6.2,10.66
2024-10-18,2024,10,18,292,14.2,10.7,17.5,7.4,86.3,1005.2,9.6,1,Rainy,0,"Kumbo, Cameroon",6.2,10.66
2024-10-19,2024,10,19,293,16.4,11.8,21.6,2.2,69.6,1034.2,14.6,1,Rainy,1,"Kumbo, Cameroon",6.2,10.66
2024-10-20,2024,10,20,294,12.7,10.0,16.4,5.0,75.7,1012.6,6.3,1,Rainy,1,"Kumbo, Cameroon",6.2,10.66
2024-10-21,2024,10,21,295,12.0,10.0,17.6,11.8,67.2,1024.2,12.9,1,Rainy,0,"Kumbo, Cameroon",6.2,10.66
2024-10-22,2024,10,22,296,13.6,10.0,19.0,0.7,70.9,1018.9,5.0,0,Rainy,0,"Kumbo, Cameroon",6.2,10.66
2024-10-23,2024,10,23,297,17.4,12.4,21.8,6.6,79.5,1012.4,11.9,1,Rainy,0,"Kumbo, Cameroon",6.2,10.66
2024-10-24,2024,10,24,298,16.1,11.5,19.6,3.8,86.4,1006.7,10.0,1,Rainy,0,"Kumbo, Cameroon",6.2,10.66
2024-10-25,2024,10,25,299,14.7,10.9,19.1,5.2,68.6,1010.4,6.1,1,Rainy,0,"Kumbo, Cameroon",6.2,10.66
2024-10-26,2024,10,26,300,15.7,11.6,21.0,12.0,95.0,1029.5,12.9,1,Rainy,1,"Kumbo, Cameroon",6.2,10.66
2024-10-27,2024,10,27,301,15.7,10.9,19.4,5.8,73.1,1027.7,7.6,1,Rainy,1,"Kumbo, Cameroon",6.2,10.66
2024-10-28,2024,10,28,302,14.9,10.8,19.6,1.3,76.4,1021.1,13.0,1,Rainy,0,"Kumbo, Cameroon",6.2,10.66
2024-10-29,2024,10,29,303,18.9,15.0,21.9,7.3,83.7,1009.9,8.6,1,Rainy,0,"Kumbo, Cameroon",6.2,10.66
2024-10-30,2024,10,30,304,13.1,10.0,17.5,1.4,88.3,1021.0,12.4,1,Rainy,0,"Kumbo, Cameroon",6.2,10.66
2024-10-31,2024,10,31,305,14.6,10.0,19.7,0.5,67.1,993.0,14.3,0,Dry,0,"Kumbo, Cameroon",6.2,10.66
2024-11-01,2024,11,1,306,13.6,10.0,18.1,1.1,61.5,1012.6,7.5,0,Dry,0,"Kumbo, Cameroon",6.2,10.66
2024-11-02,2024,11,2,307,17.5,13.4,20.8,1.6,94.2,999.8,13.3,0,Dry,1,"Kumbo, Cameroon",6.2,10.66
2024-11-03,2024,11,3,308,12.0,10.0,15.5,0.5,71.8,993.3,5.5,0,Dry,1,"Kumbo, Cameroon",6.2,10.66
2024-11-04,2024,11,4,309,14.3,10.1,17.8,0.3,70.8,1011.8,10.3,0,Dry,0,"Kumbo, Cameroon",6.2,10.66
2024-11-05,2024,11,5,310,13.2,10.0,18.9,0.3,68.2,1004.1,9.4,0,Dry,0,"Kumbo, Cameroon",6.2,10.66
2024-11-06,2024,11,6,311,13.4,10.0,17.4,0.2,93.3,1024.1,10.7,0,Dry,0,"Kumbo, Cameroon",6.2,10.66
2024-11-07,2024,11,7,312,12.0,10.0,16.7,0.1,84.2,1018.3,11.8,0,Dry,0,"Kumbo, Cameroon",6.2,10.66
2024-11-08,2024,11,8,313,14.7,10.0,18.7,0.2,92.2,1045.7,6.8,0,Dry,0,"Kumbo, Cameroon",6.2,10.66
2024-11-09,2024,11,9,314,15.2,11.9,19.2,0.4,89.0,1025.4,10.2,0,Dry,1,"Kumbo, Cameroon",6.2,10.66
2024-11-10,2024,11,10,315,12.6,10.0,17.1,1.2,89.9,1006.0,14.4,0,Dry,1,"Kumbo, Cameroon",6.2,10.66
2024-11-11,2024,11,11,316,15.9,12.2,19.2,0.2,83.5,1005.5,13.8,0,Dry,0,"Kumbo, Cameroon",6.2,10.66
2024-11-12,2024,11,12,317,12.0,10.0,16.2,0.7,80.4,1007.0,7.5,0,Dry,0,"Kumbo, Cameroon",6.2,10.66
2024-11-13,2024,11,13,318,16.9,12.8,19.9,0.8,72.8,1018.5,11.7,0,Dry,0,"Kumbo, Cameroon",6.2,10.66
2024-11-14,2024,11,14,319,17.9,13.7,22.6,0.2,90.5,1005.6,5.7,0,Dry,0,"Kumbo, Cameroon",6.2,10.66
2024-11-15,2024,11,15,320,15.5,11.0,21.4,0.4,68.0,1006.0,15.0,0,Dry,0,"Kumbo, Cameroon",6.2,10.66
2024-11-16,2024,11,16,321,16.5,11.8,20.1,1.4,40.0,1004.6,8.4,0,Dry,1,"Kumbo, Cameroon",6.2,10.66
2024-11-17,2024,11,17,322,12.0,10.0,15.5,0.1,57.5,1008.7,11.0,0,Dry,1,"Kumbo, Cameroon",6.2,10.66
2024-11-18,2024,11,18,323,17.2,11.7,23.1,0.5,95.0,1006.1,11.1,0,Dry,0,"Kumbo, Cameroon",6.2,10.66
2024-11-19,2024,11,19,324,12.0,10.0,15.9,0.2,60.7,995.0,7.2,0,Dry,0,"Kumbo, Cameroon",6.2,10.66
2024-11-20,2024,11,20,325,16.2,11.9,21.5,0.9,72.1,1011.0,9.6,0,Dry,0,"Kumbo, Cameroon",6.2,10.66
2024-11-21,2024,11,21,326,17.7,13.0,22.0,1.4,91.7,996.5,8.6,0,Dry,0,"Kumbo, Cameroon",6.2,10.66
2024-11-22,2024,11,22,327,16.9,12.3,21.1,0.4,50.5,1014.7,6.7,0,Dry,0,"Kumbo, Cameroon",6.2,10.66
2024-11-23,2024,11,23,328,12.0,10.0,16.4,0.0,67.8,1000.3,10.6,0,Dry,1,"Kumbo, Cameroon",6.2,10.66
2024-11-24,2024,11,24,329,15.1,11.0,19.5,0.2,77.7,1007.0,8.5,0,Dry,1,"Kumbo, Cameroon",6.2,10.66
2024-11-25,2024,11,25,330,13.0,10.0,16.8,0.4,84.4,1002.8,12.1,0,Dry,0,"Kumbo, Cameroon",6.2,10.66
2024-11-26,2024,11,26,331,12.0,10.0,16.6,1.0,64.5,1009.0,14.2,0,Dry,0,"Kumbo, Cameroon",6.2,10.66
2024-11-27,2024,11,27,332,14.0,10.8,18.1,0.4,82.9,1006.5,14.8,0,Dry,0,"Kumbo, Cameroon",6.2,10.66
2024-11-28,2024,11,28,333,13.4,10.0,18.9,0.4,60.0,1003.6,11.4,0,Dry,0,"Kumbo, Cameroon",6.2,10.66
2024-11-29,2024,11,29,334,17.3,13.6,21.2,1.4,75.2,1004.4,14.9,0,Dry,0,"Kumbo, Cameroon",6.2,10.66
2024-11-30,2024,11,30,335,13.5,10.0,16.6,0.3,80.5,995.4,5.5,0,Dry,1,"Kumbo, Cameroon",6.2,10.66
2024-12-01,2024,12,1,336,14.7,10.0,18.7,0.2,71.1,1019.4,13.2,0,Dry,1,"Kumbo, Cameroon",6.2,10.66
2024-12-02,2024,12,2,337,12.6,10.0,17.5,0.1,79.1,1010.9,9.4,0,Dry,0,"Kumbo, Cameroon",6.2,10.66
2024-12-03,2024,12,3,338,15.3,12.2,19.7,0.5,59.5,1018.7,12.9,0,Dry,0,"Kumbo, Cameroon",6.2,10.66
2024-12-04,2024,12,4,339,12.0,10.0,17.0,0.2,81.1,1009.3,8.7,0,Dry,0,"Kumbo, Cameroon",6.2,10.66
2024-12-05,2024,12,5,340,12.2,10.0,17.9,0.2,94.4,997.4,7.0,0,Dry,0,"Kumbo, Cameroon",6.2,10.66
2024-12-06,2024,12,6,341,12.0,10.0,17.0,2.1,52.6,1025.1,9.5,1,Dry,0,"Kumbo, Cameroon",6.2,10.66
2024-12-07,2024,12,7,342,16.4,10.7,19.8,0.2,65.1,1026.9,11.0,0,Dry,1,"Kumbo, Cameroon",6.2,10.66
2024-12-08,2024,12,8,343,12.8,10.0,16.3,0.3,65.5,1012.9,14.9,0,Dry,1,"Kumbo, Cameroon",6.2,10.66
2024-12-09,2024,12,9,344,12.0,10.0,15.9,0.2,76.5,1028.8,11.6,0,Dry,0,"Kumbo, Cameroon",6.2,10.66
2024-12-10,2024,12,10,345,13.9,10.0,17.8,1.3,57.9,1011.3,12.1,0,Dry,0,"Kumbo, Cameroon",6.2,10.66
2024-12-11,2024,12,11,346,12.0,10.0,17.2,0.6,55.9,1012.6,13.7,0,Dry,0,"Kumbo, Cameroon",6.2,10.66
2024-12-12,2024,12,12,347,12.3,10.0,17.8,0.8,95.0,1014.5,14.1,0,Dry,0,"Kumbo, Cameroon",6.2,10.66
2024-12-13,2024,12,13,348,12.2,10.0,17.2,0.6,82.9,1016.1,10.8,0,Dry,0,"Kumbo, Cameroon",6.2,10.66
2024-12-14,2024,12,14,349,15.4,10.3,21.4,0.1,79.7,1011.7,10.6,0,Dry,1,"Kumbo, Cameroon",6.2,10.66
2024-12-15,2024,12,15,350,15.4,10.6,20.9,1.0,64.4,1012.3,11.1,0,Dry,1,"Kumbo, Cameroon",6.2,10.66
2024-12-16,2024,12,16,351,12.7,10.0,16.0,0.8,87.8,997.7,6.8,0,Dry,0,"Kumbo, Cameroon",6.2,10.66
2024-12-17,2024,12,17,352,13.5,10.0,17.0,0.0,75.7,1006.7,14.2,0,Dry,0,"Kumbo, Cameroon",6.2,10.66
2024-12-18,2024,12,18,353,14.5,11.5,18.1,0.5,55.7,1008.4,9.5,0,Dry,0,"Kumbo, Cameroon",6.2,10.66
2024-12-19,2024,12,19,354,12.4,10.0,16.9,0.2,87.2,1016.8,6.4,0,Dry,0,"Kumbo, Cameroon",6.2,10.66
2024-12-20,2024,12,20,355,14.3,10.7,19.6,0.9,90.9,1013.0,9.2,0,Dry,0,"Kumbo, Cameroon",6.2,10.66
2024-12-21,2024,12,21,356,13.4,10.0,17.5,0.7,74.3,1005.6,10.0,0,Dry,1,"Kumbo, Cameroon",6.2,10.66
2024-12-22,2024,12,22,357,13.7,10.0,17.2,0.8,72.6,1014.2,7.7,0,Dry,1,"Kumbo, Cameroon",6.2,10.66
2024-12-23,2024,12,23,358,12.0,10.0,16.7,1.5,72.8,1008.9,11.1,0,Dry,0,"Kumbo, Cameroon",6.2,10.66
2024-12-24,2024,12,24,359,13.7,10.0,19.3,0.4,85.8,1018.3,12.9,0,Dry,0,"Kumbo, Cameroon",6.2,10.66
2024-12-25,2024,12,25,360,12.0,10.0,15.1,1.1,82.2,1018.2,14.7,0,Dry,0,"Kumbo, Cameroon",6.2,10.66
2024-12-26,2024,12,26,361,12.0,10.0,16.8,0.3,87.8,1000.4,10.5,0,Dry,0,"Kumbo, Cameroon",6.2,10.66
2024-12-27,2024,12,27,362,12.0,10.0,17.4,0.7,71.0,1028.5,10.9,0,Dry,0,"Kumbo, Cameroon",6.2,10.66
2024-12-28,2024,12,28,363,13.1,10.0,16.3,0.5,86.3,987.9,8.2,0,Dry,1,"Kumbo, Cameroon",6.2,10.66
2024-12-29,2024,12,29,364,14.8,10.0,19.4,0.5,92.4,1022.0,7.5,0,Dry,1,"Kumbo, Cameroon",6.2,10.66
2024-12-30,2024,12,30,365,12.9,10.0,16.0,0.3,86.2,1018.0,11.0,0,Dry,0,"Kumbo, Cameroon",6.2,10.66
2024-12-31,2024,12,31,366,13.6,10.0,17.0,4.9,74.8,1001.5,6.0,1,Rainy,0,"Kumbo, Cameroon",6.2,10.66
2025-01-01,2025,1,1,1,12.0,10.0,17.7,0.9,61.8,1007.9,12.8,0,Dry,0,"Kumbo, Cameroon",6.2,10.66
2025-01-02,2025,1,2,2,13.9,10.1,18.4,0.5,62.4,999.8,7.5,0,Dry,0,"Kumbo, Cameroon",6.2,10.66
2025-01-03,2025,1,3,3,14.4,10.9,19.3,1.3,79.3,1017.6,6.3,0,Dry,0,"Kumbo, Cameroon",6.2,10.66
2025-01-04,2025,1,4,4,14.3,10.6,18.0,0.5,84.6,1012.2,5.5,0,Dry,1,"Kumbo, Cameroon",6.2,10.66
2025-01-05,2025,1,5,5,15.4,12.3,20.3,0.3,84.4,1007.6,5.8,0,Dry,1,"Kumbo, Cameroon",6.2,10.66
2025-01-06,2025,1,6,6,15.8,11.5,19.2,0.0,75.8,1022.1,13.1,0,Dry,0,"Kumbo, Cameroon",6.2,10.66
2025-01-07,2025,1,7,7,12.0,10.0,16.0,0.4,86.2,1024.8,10.5,0,Dry,0,"Kumbo, Cameroon",6.2,10.66
2025-01-08,2025,1,8,8,12.0,10.0,16.5,0.1,62.0,980.0,11.3,0,Dry,0,"Kumbo, Cameroon",6.2,10.66
2025-01-09,2025,1,9,9,12.5,10.0,18.4,0.1,69.6,1018.2,6.6,0,Dry,0,"Kumbo, Cameroon",6.2,10.66
2025-01-10,2025,1,10,10,16.7,12.8,21.4,0.3,58.6,1013.7,9.1,0,Dry,0,"Kumbo, Cameroon",6.2,10.66
2025-01-11,2025,1,11,11,13.5,10.0,16.5,0.0,65.0,1022.2,6.3,0,Dry,1,"Kumbo, Cameroon",6.2,10.66
2025-01-12,2025,1,12,12,12.1,10.0,17.3,0.8,81.0,1012.6,12.8,0,Dry,1,"Kumbo, Cameroon",6.2,10.66
2025-01-13,2025,1,13,13,14.0,10.0,18.2,0.2,82.5,1009.5,12.3,0,Dry,0,"Kumbo, Cameroon",6.2,10.66
2025-01-14,2025,1,14,14,14.9,10.0,19.4,1.1,92.9,1033.2,7.7,0,Dry,0,"Kumbo, Cameroon",6.2,10.66
2025-01-15,2025,1,15,15,13.2,10.0,16.4,1.3,86.6,1020.9,7.4,0,Dry,0,"Kumbo, Cameroon",6.2,10.66
2025-01-16,2025,1,16,16,18.3,12.4,23.5,0.2,61.1,1019.2,7.0,0,Dry,0,"Kumbo, Cameroon",6.2,10.66
2025-01-17,2025,1,17,17,15.0,10.1,18.4,0.2,72.6,1011.9,8.0,0,Dry,0,"Kumbo, Cameroon",6.2,10.66
2025-01-18,2025,1,18,18,13.9,10.0,18.1,0.3,73.0,1009.5,7.5,0,Dry,1,"Kumbo, Cameroon",6.2,10.66
2025-01-19,2025,1,19,19,12.0,10.0,17.2,0.2,79.9,1009.6,12.3,0,Dry,1,"Kumbo, Cameroon",6.2,10.66
2025-01-20,2025,1,20,20,15.7,10.8,21.3,0.1,76.2,999.6,9.4,0,Dry,0,"Kumbo, Cameroon",6.2,10.66
2025-01-21,2025,1,21,21,12.3,10.0,18.0,0.7,73.1,1002.3,13.4,0,Dry,0,"Kumbo, Cameroon",6.2,10.66
2025-01-22,2025,1,22,22,16.4,13.0,21.5,0.9,60.8,1021.5,8.4,0,Dry,0,"Kumbo, Cameroon",6.2,10.66
2025-01-23,2025,1,23,23,13.2,10.0,18.2,0.6,61.9,1016.5,10.6,0,Dry,0,"Kumbo, Cameroon",6.2,10.66
2025-01-24,2025,1,24,24,17.6,14.3,21.1,0.2,94.8,1014.9,9.4,0,Dry,0,"Kumbo, Cameroon",6.2,10.66
2025-01-25,2025,1,25,25,13.6,10.6,17.5,0.2,66.7,1005.3,7.0,0,Dry,1,"Kumbo, Cameroon",6.2,10.66
2025-01-26,2025,1,26,26,14.8,11.1,18.5,0.7,66.2,1023.1,14.8,0,Dry,1,"Kumbo, Cameroon",6.2,10.66
2025-01-27,2025,1,27,27,15.5,12.4,19.0,0.4,75.2,1014.5,8.0,0,Dry,0,"Kumbo, Cameroon",6.2,10.66
2025-01-28,2025,1,28,28,12.1,10.0,16.6,1.8,70.3,1019.3,8.2,0,Dry,0,"Kumbo, Cameroon",6.2,10.66
2025-01-29,2025,1,29,29,16.7,12.8,22.0,0.7,79.3,1003.1,10.0,0,Dry,0,"Kumbo, Cameroon",6.2,10.66
2025-01-30,2025,1,30,30,13.7,10.0,19.0,0.7,70.2,1021.5,5.7,0,Dry,0,"Kumbo, Cameroon",6.2,10.66
2025-01-31,2025,1,31,31,14.4,10.0,17.4,0.8,71.5,1017.7,8.4,0,Dry,0,"Kumbo, Cameroon",6.2,10.66
2025-02-01,2025,2,1,32,14.8,10.0,19.3,0.4,71.5,1000.2,8.8,0,Dry,1,"Kumbo, Cameroon",6.2,10.66
2025-02-02,2025,2,2,33,17.6,12.2,23.3,0.2,93.7,1007.3,7.8,0,Dry,1,"Kumbo, Cameroon",6.2,10.66
2025-02-03,2025,2,3,34,15.5,12.5,20.4,0.1,83.2,1012.1,12.5,0,Dry,0,"Kumbo, Cameroon",6.2,10.66
2025-02-04,2025,2,4,35,12.0,10.0,17.0,0.4,75.2,996.4,5.8,0,Dry,0,"Kumbo, Cameroon",6.2,10.66
2025-02-05,2025,2,5,36,12.0,10.0,16.5,0.5,91.4,1017.2,5.1,0,Dry,0,"Kumbo, Cameroon",6.2,10.66
2025-02-06,2025,2,6,37,14.9,10.0,17.9,0.2,72.6,1027.6,8.4,0,Dry,0,"Kumbo, Cameroon",6.2,10.66
2025-02-07,2025,2,7,38,12.0,10.0,17.7,0.2,62.2,1013.7,13.5,0,Dry,0,"Kumbo, Cameroon",6.2,10.66
2025-02-08,2025,2,8,39,14.3,10.0,19.6,1.6,61.5,1005.7,13.8,0,Dry,1,"Kumbo, Cameroon",6.2,10.66
2025-02-09,2025,2,9,40,13.8,10.1,17.0,0.3,69.2,1013.8,7.3,0,Dry,1,"Kumbo, Cameroon",6.2,10.66
2025-02-10,2025,2,10,41,14.8,10.0,20.4,0.2,66.0,1002.7,11.0,0,Dry,0,"Kumbo, Cameroon",6.2,10.66
2025-02-11,2025,2,11,42,12.8,10.0,17.9,0.6,83.8,1022.8,8.3,0,Dry,0,"Kumbo, Cameroon",6.2,10.66
2025-02-12,2025,2,12,43,13.6,10.0,19.1,0.4,52.8,1022.1,13.3,0,Dry,0,"Kumbo, Cameroon",6.2,10.66
2025-02-13,2025,2,13,44,16.9,11.3,22.8,1.0,44.4,1022.4,7.3,0,Dry,0,"Kumbo, Cameroon",6.2,10.66
2025-02-14,2025,2,14,45,15.0,10.0,18.2,0.2,52.9,1002.9,6.1,0,Dry,0,"Kumbo, Cameroon",6.2,10.66
2025-02-15,2025,2,15,46,16.7,12.8,21.0,0.3,76.1,1008.7,11.7,0,Dry,1,"Kumbo, Cameroon",6.2,10.66
2025-02-16,2025,2,16,47,17.5,13.3,21.7,1.2,79.7,1009.9,8.7,0,Dry,1,"Kumbo, Cameroon",6.2,10.66
2025-02-17,2025,2,17,48,18.1,12.6,23.8,0.3,68.3,1019.6,13.5,0,Dry,0,"Kumbo, Cameroon",6.2,10.66
2025-02-18,2025,2,18,49,15.4,10.7,19.6,0.4,74.7,1006.8,8.2,0,Dry,0,"Kumbo, Cameroon",6.2,10.66
2025-02-19,2025,2,19,50,12.1,10.0,15.4,0.3,76.5,1017.0,6.2,0,Dry,0,"Kumbo, Cameroon",6.2,10.66
2025-02-20,2025,2,20,51,13.3,10.0,18.7,0.4,67.7,1021.3,14.3,0,Dry,0,"Kumbo, Cameroon",6.2,10.66
2025-02-21,2025,2,21,52,13.1,10.0,18.3,0.1,46.0,1019.3,6.9,0,Dry,0,"Kumbo, Cameroon",6.2,10.66
2025-02-22,2025,2,22,53,12.0,10.0,16.8,0.2,82.0,1013.5,6.3,0,Dry,1,"Kumbo, Cameroon",6.2,10.66
2025-02-23,2025,2,23,54,14.0,10.0,17.2,0.4,62.9,1030.6,10.7,0,Dry,1,"Kumbo, Cameroon",6.2,10.66
2025-02-24,2025,2,24,55,15.5,12.4,19.5,1.1,70.7,1032.5,9.5,0,Dry,0,"Kumbo, Cameroon",6.2,10.66
2025-02-25,2025,2,25,56,18.1,14.6,21.1,0.0,81.1,1008.7,13.1,0,Dry,0,"Kumbo, Cameroon",6.2,10.66
2025-02-26,2025,2,26,57,16.5,11.7,21.3,0.2,70.5,1030.3,9.8,0,Dry,0,"Kumbo, Cameroon",6.2,10.66
2025-02-27,2025,2,27,58,15.7,12.4,21.1,0.1,78.9,1011.9,7.2,0,Dry,0,"Kumbo, Cameroon",6.2,10.66
2025-02-28,2025,2,28,59,18.3,13.2,21.5,0.2,85.4,1016.5,5.5,0,Dry,0,"Kumbo, Cameroon",6.2,10.66
2025-03-01,2025,3,1,60,14.9,10.0,18.8,4.5,82.4,998.8,7.3,1,Rainy,1,"Kumbo, Cameroon",6.2,10.66
2025-03-02,2025,3,2,61,19.3,13.8,22.9,4.4,72.1,997.9,12.8,1,Rainy,1,"Kumbo, Cameroon",6.2,10.66
2025-03-03,2025,3,3,62,20.4,15.6,25.0,2.4,62.7,1015.4,12.4,1,Rainy,0,"Kumbo, Cameroon",6.2,10.66
2025-03-04,2025,3,4,63,17.3,13.6,22.8,3.8,81.9,1015.6,6.8,1,Rainy,0,"Kumbo, Cameroon",6.2,10.66
2025-03-05,2025,3,5,64,18.6,13.0,22.8,5.4,84.7,1010.2,11.0,1,Rainy,0,"Kumbo, Cameroon",6.2,10.66
2025-03-06,2025,3,6,65,16.8,11.0,20.6,4.1,89.4,1023.5,9.3,1,Rainy,0,"Kumbo, Cameroon",6.2,10.66
2025-03-07,2025,3,7,66,18.2,12.2,22.4,1.8,68.8,1001.3,11.4,1,Rainy,0,"Kumbo, Cameroon",6.2,10.66
2025-03-08,2025,3,8,67,17.1,13.1,20.7,3.3,55.0,1013.0,13.2,1,Rainy,1,"Kumbo, Cameroon",6.2,10.66
2025-03-09,2025,3,9,68,17.2,13.4,22.5,4.1,75.1,1006.7,13.5,1,Rainy,1,"Kumbo, Cameroon",6.2,10.66
2025-03-10,2025,3,10,69,18.9,15.6,23.8,7.8,57.5,998.3,5.7,1,Rainy,0,"Kumbo, Cameroon",6.2,10.66
2025-03-11,2025,3,11,70,15.6,10.5,21.5,2.3,59.7,1020.1,10.8,1,Rainy,0,"Kumbo, Cameroon",6.2,10.66
2025-03-12,2025,3,12,71,13.7,10.0,19.4,8.4,92.2,1017.7,10.8,1,Rainy,0,"Kumbo, Cameroon",6.2,10.66
2025-03-13,2025,3,13,72,17.6,12.8,22.8,4.8,65.7,1001.5,14.5,1,Rainy,0,"Kumbo, Cameroon",6.2,10.66
2025-03-14,2025,3,14,73,16.6,11.2,20.9,4.1,67.7,1020.0,13.3,1,Rainy,0,"Kumbo, Cameroon",6.2,10.66
2025-03-15,2025,3,15,74,14.8,10.0,20.2,2.5,71.0,1009.5,7.2,1,Rainy,1,"Kumbo, Cameroon",6.2,10.66
2025-03-16,2025,3,16,75,17.0,13.9,22.1,5.9,69.2,1009.9,14.9,1,Rainy,1,"Kumbo, Cameroon",6.2,10.66
2025-03-17,2025,3,17,76,15.1,10.0,18.9,6.4,69.8,1029.0,9.9,1,Rainy,0,"Kumbo, Cameroon",6.2,10.66
2025-03-18,2025,3,18,77,16.1,11.6,22.1,3.1,66.3,1011.2,13.6,1,Rainy,0,"Kumbo, Cameroon",6.2,10.66
2025-03-19,2025,3,19,78,19.2,15.9,23.4,3.4,71.4,1010.8,11.3,1,Rainy,0,"Kumbo, Cameroon",6.2,10.66
2025-03-20,2025,3,20,79,19.1,15.2,24.6,12.2,70.7,1012.4,13.5,1,Rainy,0,"Kumbo, Cameroon",6.2,10.66
2025-03-21,2025,3,21,80,18.4,12.6,23.5,0.8,73.6,1003.2,10.8,0,Rainy,0,"Kumbo, Cameroon",6.2,10.66
2025-03-22,2025,3,22,81,17.9,13.4,23.6,2.1,71.8,1011.9,7.5,1,Rainy,1,"Kumbo, Cameroon",6.2,10.66
2025-03-23,2025,3,23,82,18.4,14.8,23.3,3.6,80.1,1001.0,12.3,1,Rainy,1,"Kumbo, Cameroon",6.2,10.66
2025-03-24,2025,3,24,83,22.4,18.3,28.0,0.8,86.2,1005.0,14.6,0,Rainy,0,"Kumbo, Cameroon",6.2,10.66
2025-03-25,2025,3,25,84,19.9,15.9,24.9,4.7,72.0,1020.3,7.9,1,Rainy,0,"Kumbo, Cameroon",6.2,10.66
2025-03-26,2025,3,26,85,16.4,11.4,22.2,0.7,70.4,1004.8,13.6,0,Rainy,0,"Kumbo, Cameroon",6.2,10.66
2025-03-27,2025,3,27,86,20.3,15.8,25.9,11.2,69.0,1007.9,10.9,1,Rainy,0,"Kumbo, Cameroon",6.2,10.66
2025-03-28,2025,3,28,87,19.2,14.8,22.7,3.8,72.7,1016.2,14.2,1,Rainy,0,"Kumbo, Cameroon",6.2,10.66
2025-03-29,2025,3,29,88,21.6,15.9,26.8,2.1,93.4,1016.9,8.6,1,Rainy,1,"Kumbo, Cameroon",6.2,10.66
2025-03-30,2025,3,30,89,23.1,17.6,28.0,0.3,66.8,1009.9,6.5,0,Rainy,1,"Kumbo, Cameroon",6.2,10.66
2025-03-31,2025,3,31,90,18.9,13.6,23.2,3.5,85.4,1015.2,10.4,1,Rainy,0,"Kumbo, Cameroon",6.2,10.66
2025-04-01,2025,4,1,91,17.4,14.0,22.3,3.5,69.2,1019.8,7.9,1,Rainy,0,"Kumbo, Cameroon",6.2,10.66
2025-04-02,2025,4,2,92,21.7,18.7,26.8,3.8,72.2,993.8,9.1,1,Rainy,0,"Kumbo, Cameroon",6.2,10.66
2025-04-03,2025,4,3,93,16.9,11.7,20.9,11.7,56.8,1016.4,9.8,1,Rainy,0,"Kumbo, Cameroon",6.2,10.66
2025-04-04,2025,4,4,94,19.3,16.1,22.9,1.9,70.8,1011.6,7.5,1,Rainy,0,"Kumbo, Cameroon",6.2,10.66
2025-04-05,2025,4,5,95,21.6,17.4,25.6,3.4,70.1,999.1,6.7,1,Rainy,1,"Kumbo, Cameroon",6.2,10.66
2025-04-06,2025,4,6,96,16.4,13.0,22.0,3.8,84.7,1012.4,10.2,1,Rainy,1,"Kumbo, Cameroon",6.2,10.66
2025-04-07,2025,4,7,97,21.0,16.1,26.0,2.5,88.4,1000.9,13.3,1,Rainy,0,"Kumbo, Cameroon",6.2,10.66
2025-04-08,2025,4,8,98,19.6,16.2,23.5,4.2,59.2,1016.2,6.9,1,Rainy,0,"Kumbo, Cameroon",6.2,10.66
2025-04-09,2025,4,9,99,20.4,16.7,25.0,3.8,85.0,1019.8,13.3,1,Rainy,0,"Kumbo, Cameroon",6.2,10.66
2025-04-10,2025,4,10,100,24.0,20.8,28.0,0.8,87.8,998.9,6.6,0,Rainy,0,"Kumbo, Cameroon",6.2,10.66
2025-04-11,2025,4,11,101,19.4,13.6,23.5,3.2,82.8,1031.4,11.9,1,Rainy,0,"Kumbo, Cameroon",6.2,10.66
2025-04-12,2025,4,12,102,19.9,16.4,22.9,1.0,68.9,1026.8,13.9,0,Rainy,1,"Kumbo, Cameroon",6.2,10.66
2025-04-13,2025,4,13,103,23.5,18.4,28.0,3.6,93.6,1020.0,6.5,1,Rainy,1,"Kumbo, Cameroon",6.2,10.66
2025-04-14,2025,4,14,104,23.4,18.9,28.0,1.6,69.0,1011.1,13.7,1,Rainy,0,"Kumbo, Cameroon",6.2,10.66
2025-04-15,2025,4,15,105,15.9,11.0,21.1,0.4,81.2,1007.8,12.5,0,Rainy,0,"Kumbo, Cameroon",6.2,10.66
2025-04-16,2025,4,16,106,20.6,15.7,24.8,4.3,81.1,1019.5,12.0,1,Rainy,0,"Kumbo, Cameroon",6.2,10.66
2025-04-17,2025,4,17,107,18.2,15.1,23.4,12.4,67.1,998.7,5.8,1,Rainy,0,"Kumbo, Cameroon",6.2,10.66
2025-04-18,2025,4,18,108,21.3,16.0,24.6,2.1,76.6,1010.0,14.3,1,Rainy,0,"Kumbo, Cameroon",6.2,10.66
2025-04-19,2025,4,19,109,22.0,17.8,26.4,10.2,60.0,1022.0,10.1,1,Rainy,1,"Kumbo, Cameroon",6.2,10.66
2025-04-20,2025,4,20,110,20.7,15.2,25.6,6.7,79.9,1035.8,6.7,1,Rainy,1,"Kumbo, Cameroon",6.2,10.66
2025-04-21,2025,4,21,111,18.4,14.3,22.5,12.0,67.9,1020.2,9.2,1,Rainy,0,"Kumbo, Cameroon",6.2,10.66
2025-04-22,2025,4,22,112,21.3,18.2,25.7,3.9,70.5,991.7,11.2,1,Rainy,0,"Kumbo, Cameroon",6.2,10.66
2025-04-23,2025,4,23,113,20.3,14.6,23.5,3.6,95.0,1030.0,6.5,1,Rainy,0,"Kumbo, Cameroon",6.2,10.66
2025-04-24,2025,4,24,114,22.7,17.6,28.0,10.7,56.0,1023.5,7.6,1,Rainy,0,"Kumbo, Cameroon",6.2,10.66
2025-04-25,2025,4,25,115,21.1,15.6,27.0,3.1,69.6,1018.0,10.6,1,Rainy,0,"Kumbo, Cameroon",6.2,10.66
2025-04-26,2025,4,26,116,21.9,16.7,25.7,3.5,74.6,998.3,11.4,1,Rainy,1,"Kumbo, Cameroon",6.2,10.66
2025-04-27,2025,4,27,117,23.6,19.0,27.5,14.0,95.0,1030.2,12.1,1,Rainy,1,"Kumbo, Cameroon",6.2,10.66
2025-04-28,2025,4,28,118,22.8,18.2,28.0,3.6,59.0,1004.6,6.6,1,Rainy,0,"Kumbo, Cameroon",6.2,10.66
2025-04-29,2025,4,29,119,19.4,15.4,23.4,4.9,72.0,1007.2,8.4,1,Rainy,0,"Kumbo, Cameroon",6.2,10.66
2025-04-30,2025,4,30,120,23.0,18.9,26.6,1.5,70.6,1015.3,10.2,1,Rainy,0,"Kumbo, Cameroon",6.2,10.66
2025-05-01,2025,5,1,121,21.5,17.6,25.9,2.8,69.3,1019.4,5.6,1,Rainy,0,"Kumbo, Cameroon",6.2,10.66
2025-05-02,2025,5,2,122,21.1,17.0,24.6,7.2,67.9,1017.4,7.1,1,Rainy,0,"Kumbo, Cameroon",6.2,10.66
2025-05-03,2025,5,3,123,22.1,16.2,25.2,10.3,79.3,1015.0,12.9,1,Rainy,1,"Kumbo, Cameroon",6.2,10.66
2025-05-04,2025,5,4,124,20.6,17.0,23.7,1.3,95.0,1014.6,5.3,1,Rainy,1,"Kumbo, Cameroon",6.2,10.66
2025-05-05,2025,5,5,125,21.4,17.2,26.7,10.6,50.8,993.8,13.9,1,Rainy,0,"Kumbo, Cameroon",6.2,10.66
2025-05-06,2025,5,6,126,21.0,16.9,24.4,3.9,81.9,1026.7,12.7,1,Rainy,0,"Kumbo, Cameroon",6.2,10.66
2025-05-07,2025,5,7,127,21.9,17.5,25.5,3.5,75.2,1016.8,11.7,1,Rainy,0,"Kumbo, Cameroon",6.2,10.66
2025-05-08,2025,5,8,128,19.6,14.0,23.9,3.6,91.7,1001.2,11.7,1,Rainy,0,"Kumbo, Cameroon",6.2,10.66
2025-05-09,2025,5,9,129,21.3,15.4,26.5,1.8,75.1,1024.5,11.5,1,Rainy,0,"Kumbo, Cameroon",6.2,10.66
2025-05-10,2025,5,10,130,22.0,17.7,27.6,0.9,56.3,1007.0,10.3,0,Rainy,1,"Kumbo, Cameroon",6.2,10.66
2025-05-11,2025,5,11,131,22.9,19.7,28.0,3.6,73.3,1014.0,13.9,1,Rainy,1,"Kumbo, Cameroon",6.2,10.66
2025-05-12,2025,5,12,132,19.6,16.5,22.8,2.3,94.2,998.2,10.0,1,Rainy,0,"Kumbo, Cameroon",6.2,10.66
2025-05-13,2025,5,13,133,26.0,22.9,28.0,11.0,52.0,1003.0,11.7,1,Rainy,0,"Kumbo, Cameroon",6.2,10.66
2025-05-14,2025,5,14,134,18.5,15.0,21.7,2.7,89.7,1028.3,8.9,1,Rainy,0,"Kumbo, Cameroon",6.2,10.66
2025-05-15,2025,5,15,135,20.5,14.8,24.3,6.5,88.5,1017.2,10.5,1,Rainy,0,"Kumbo, Cameroon",6.2,10.66
2025-05-16,2025,5,16,136,19.2,13.7,24.4,1.0,66.5,1014.6,5.4,1,Rainy,0,"Kumbo, Cameroon",6.2,10.66
2025-05-17,2025,5,17,137,23.1,20.1,27.3,5.7,73.9,1001.4,9.6,1,Rainy,1,"Kumbo, Cameroon",6.2,10.66
2025-05-18,2025,5,18,138,19.9,14.8,24.2,15.3,64.0,990.6,8.5,1,Rainy,1,"Kumbo, Cameroon",6.2,10.66
2025-05-19,2025,5,19,139,19.9,16.5,24.8,0.6,62.1,1000.7,12.4,0,Rainy,0,"Kumbo, Cameroon",6.2,10.66
2025-05-20,2025,5,20,140,21.2,18.2,25.6,3.7,72.6,1015.3,6.1,1,Rainy,0,"Kumbo, Cameroon",6.2,10.66
2025-05-21,2025,5,21,141,22.8,19.3,27.6,3.7,90.9,1025.3,11.9,1,Rainy,0,"Kumbo, Cameroon",6.2,10.66
2025-05-22,2025,5,22,142,26.0,22.7,28.0,0.9,84.1,1012.7,8.6,0,Rainy,0,"Kumbo, Cameroon",6.2,10.66
2025-05-23,2025,5,23,143,24.7,19.5,28.0,6.2,53.3,1018.3,9.1,1,Rainy,0,"Kumbo, Cameroon",6.2,10.66
2025-05-24,2025,5,24,144,23.5,20.3,28.0,3.3,69.6,993.8,6.4,1,Rainy,1,"Kumbo, Cameroon",6.2,10.66
2025-05-25,2025,5,25,145,21.3,16.0,26.0,6.2,69.1,1017.4,7.7,1,Rainy,1,"Kumbo, Cameroon",6.2,10.66
2025-05-26,2025,5,26,146,20.6,15.5,25.1,9.6,79.6,1004.9,9.4,1,Rainy,0,"Kumbo, Cameroon",6.2,10.66
2025-05-27,2025,5,27,147,24.4,19.5,28.0,5.4,65.7,988.8,7.9,1,Rainy,0,"Kumbo, Cameroon",6.2,10.66
2025-05-28,2025,5,28,148,22.4,17.5,26.1,8.0,86.6,1026.8,5.6,1,Rainy,0,"Kumbo, Cameroon",6.2,10.66
2025-05-29,2025,5,29,149,21.4,17.7,27.1,3.4,59.8,1023.2,7.8,1,Rainy,0,"Kumbo, Cameroon",6.2,10.66
2025-05-30,2025,5,30,150,22.7,19.6,27.7,1.3,53.6,1022.6,12.6,1,Rainy,0,"Kumbo, Cameroon",6.2,10.66
2025-05-31,2025,5,31,151,20.9,16.2,26.1,5.4,78.5,1007.3,5.2,1,Rainy,1,"Kumbo, Cameroon",6.2,10.66
2025-06-01,2025,6,1,152,23.0,18.3,28.0,5.2,73.4,1023.3,13.1,1,Rainy,1,"Kumbo, Cameroon",6.2,10.66
2025-06-02,2025,6,2,153,22.3,18.4,27.9,5.9,77.4,1012.3,6.8,1,Rainy,0,"Kumbo, Cameroon",6.2,10.66
2025-06-03,2025,6,3,154,19.5,14.6,22.6,1.4,81.4,1016.8,14.4,1,Rainy,0,"Kumbo, Cameroon",6.2,10.66
2025-06-04,2025,6,4,155,23.8,20.4,28.0,10.2,70.7,1040.3,11.5,1,Rainy,0,"Kumbo, Cameroon",6.2,10.66
2025-06-05,2025,6,5,156,23.1,17.9,28.0,0.0,75.6,1009.7,5.2,0,Rainy,0,"Kumbo, Cameroon",6.2,10.66
2025-06-06,2025,6,6,157,25.0,20.6,28.0,2.7,74.2,1035.7,12.9,1,Rainy,0,"Kumbo, Cameroon",6.2,10.66
2025-06-07,2025,6,7,158,25.6,20.6,28.0,2.8,55.4,1011.8,10.5,1,Rainy,1,"Kumbo, Cameroon",6.2,10.66
2025-06-08,2025,6,8,159,21.5,15.7,25.8,2.0,91.5,1020.1,6.0,1,Rainy,1,"Kumbo, Cameroon",6.2,10.66
2025-06-09,2025,6,9,160,24.4,18.4,28.0,1.1,56.9,1011.2,5.2,1,Rainy,0,"Kumbo, Cameroon",6.2,10.66
2025-06-10,2025,6,10,161,21.9,16.8,25.7,6.9,68.9,1017.9,14.5,1,Rainy,0,"Kumbo, Cameroon",6.2,10.66
2025-06-11,2025,6,11,162,22.6,19.0,26.5,1.2,69.7,1036.4,6.3,1,Rainy,0,"Kumbo, Cameroon",6.2,10.66
2025-06-12,2025,6,12,163,25.8,21.3,28.0,6.1,80.3,1022.9,14.5,1,Rainy,0,"Kumbo, Cameroon",6.2,10.66
2025-06-13,2025,6,13,164,22.7,17.8,27.3,4.0,71.4,1021.1,5.0,1,Rainy,0,"Kumbo, Cameroon",6.2,10.66
2025-06-14,2025,6,14,165,23.9,18.0,27.1,2.0,79.7,1036.9,6.5,1,Rainy,1,"Kumbo, Cameroon",6.2,10.66
2025-06-15,2025,6,15,166,19.9,16.5,25.0,1.9,67.8,1009.7,6.3,1,Rainy,1,"Kumbo, Cameroon",6.2,10.66
2025-06-16,2025,6,16,167,23.9,18.6,28.0,3.4,85.9,983.4,11.9,1,Rainy,0,"Kumbo, Cameroon",6.2,10.66
2025-06-17,2025,6,17,168,24.5,20.2,27.5,3.2,80.6,1013.4,13.3,1,Rainy,0,"Kumbo, Cameroon",6.2,10.66
2025-06-18,2025,6,18,169,19.0,13.2,22.5,0.9,65.6,1008.2,9.7,0,Rainy,0,"Kumbo, Cameroon",6.2,10.66
2025-06-19,2025,6,19,170,23.4,18.2,28.0,5.1,74.7,1033.0,12.5,1,Rainy,0,"Kumbo, Cameroon",6.2,10.66
2025-06-20,2025,6,20,171,23.1,19.8,27.8,1.4,75.4,1013.4,6.3,1,Rainy,0,"Kumbo, Cameroon",6.2,10.66
2025-06-21,2025,6,21,172,23.3,18.1,28.0,3.4,86.7,1025.5,10.6,1,Rainy,1,"Kumbo, Cameroon",6.2,10.66
2025-06-22,2025,6,22,173,22.8,18.4,25.8,4.5,48.8,998.7,8.9,1,Rainy,1,"Kumbo, Cameroon",6.2,10.66
2025-06-23,2025,6,23,174,21.6,17.6,25.1,1.9,83.1,1025.8,12.4,1,Rainy,0,"Kumbo, Cameroon",6.2,10.66
2025-06-24,2025,6,24,175,23.0,18.5,27.4,4.1,58.6,1022.8,9.0,1,Rainy,0,"Kumbo, Cameroon",6.2,10.66
2025-06-25,2025,6,25,176,21.9,18.4,27.3,8.8,84.0,1001.0,14.9,1,Rainy,0,"Kumbo, Cameroon",6.2,10.66
2025-06-26,2025,6,26,177,23.1,19.7,28.0,7.4,57.6,1029.0,6.1,1,Rainy,0,"Kumbo, Cameroon",6.2,10.66
2025-06-27,2025,6,27,178,25.3,19.7,28.0,2.2,77.7,1007.8,11.3,1,Rainy,0,"Kumbo, Cameroon",6.2,10.66
2025-06-28,2025,6,28,179,22.5,16.6,28.0,10.6,95.0,1000.1,5.9,1,Rainy,1,"Kumbo, Cameroon",6.2,10.66
2025-06-29,2025,6,29,180,22.7,16.8,27.6,4.9,69.6,1005.0,13.1,1,Rainy,1,"Kumbo, Cameroon",6.2,10.66
2025-06-30,2025,6,30,181,26.0,22.5,28.0,1.4,71.9,995.0,11.3,1,Rainy,0,"Kumbo, Cameroon",6.2,10.66
2025-07-01,2025,7,1,182,17.5,11.9,20.7,12.0,82.1,1003.9,8.1,1,Rainy,0,"Kumbo, Cameroon",6.2,10.66
2025-07-02,2025,7,2,183,21.5,16.7,27.4,11.3,72.5,1025.2,12.3,1,Rainy,0,"Kumbo, Cameroon",6.2,10.66
2025-07-03,2025,7,3,184,19.0,14.8,24.4,14.4,79.1,1030.9,12.0,1,Rainy,0,"Kumbo, Cameroon",6.2,10.66
2025-07-04,2025,7,4,185,23.6,20.4,28.0,9.0,78.1,1005.1,6.1,1,Rainy,0,"Kumbo, Cameroon",6.2,10.66
2025-07-05,2025,7,5,186,20.5,15.9,24.4,6.0,79.3,1029.3,8.3,1,Rainy,1,"Kumbo, Cameroon",6.2,10.66
2025-07-06,2025,7,6,187,20.0,16.4,24.7,8.1,70.6,991.2,12.5,1,Rainy,1,"Kumbo, Cameroon",6.2,10.66
2025-07-07,2025,7,7,188,22.0,16.7,26.7,10.2,81.3,1010.8,11.2,1,Rainy,0,"Kumbo, Cameroon",6.2,10.66
2025-07-08,2025,7,8,189,20.8,14.9,25.3,13.2,79.7,1036.7,11.7,1,Rainy,0,"Kumbo, Cameroon",6.2,10.66
2025-07-09,2025,7,9,190,25.9,21.6,28.0,4.8,87.5,1010.9,8.0,1,Rainy,0,"Kumbo, Cameroon",6.2,10.66
2025-07-10,2025,7,10,191,21.2,15.8,26.6,2.4,82.7,992.7,12.9,1,Rainy,0,"Kumbo, Cameroon",6.2,10.66
2025-07-11,2025,7,11,192,20.8,15.1,24.3,4.4,75.2,1016.0,14.4,1,Rainy,0,"Kumbo, Cameroon",6.2,10.66
2025-07-12,2025,7,12,193,19.3,15.0,22.4,3.7,65.0,1014.8,8.2,1,Rainy,1,"Kumbo, Cameroon",6.2,10.66
2025-07-13,2025,7,13,194,20.2,14.4,24.2,2.9,69.5,1007.9,5.8,1,Rainy,1,"Kumbo, Cameroon",6.2,10.66
2025-07-14,2025,7,14,195,19.4,16.1,23.5,5.3,71.1,1012.6,12.0,1,Rainy,0,"Kumbo, Cameroon",6.2,10.66
2025-07-15,2025,7,15,196,18.0,14.6,21.7,10.6,46.7,1004.6,6.5,1,Rainy,0,"Kumbo, Cameroon",6.2,10.66
2025-07-16,2025,7,16,197,23.0,18.1,27.2,5.9,78.7,1003.7,9.4,1,Rainy,0,"Kumbo, Cameroon",6.2,10.66
2025-07-17,2025,7,17,198,20.2,14.4,23.4,10.7,59.6,1016.9,9.2,1,Rainy,0,"Kumbo, Cameroon",6.2,10.66
2025-07-18,2025,7,18,199,24.1,18.2,27.2,9.5,60.5,1004.7,11.0,1,Rainy,0,"Kumbo, Cameroon",6.2,10.66
2025-07-19,2025,7,19,200,19.8,15.8,24.5,7.0,62.3,1022.4,11.6,1,Rainy,1,"Kumbo, Cameroon",6.2,10.66
2025-07-20,2025,7,20,201,23.3,18.5,28.0,5.4,78.1,1030.6,13.6,1,Rainy,1,"Kumbo, Cameroon",6.2,10.66
2025-07-21,2025,7,21,202,21.1,18.0,26.3,2.9,55.8,997.4,13.5,1,Rainy,0,"Kumbo, Cameroon",6.2,10.66
2025-07-22,2025,7,22,203,21.7,17.0,25.8,2.6,73.7,1017.2,9.3,1,Rainy,0,"Kumbo, Cameroon",6.2,10.66
2025-07-23,2025,7,23,204,22.3,17.8,27.5,5.8,85.5,1017.6,5.7,1,Rainy,0,"Kumbo, Cameroon",6.2,10.66
2025-07-24,2025,7,24,205,18.7,13.2,23.9,2.6,84.9,1022.9,10.3,1,Rainy,0,"Kumbo, Cameroon",6.2,10.66
2025-07-25,2025,7,25,206,22.3,17.4,28.0,2.5,73.6,1017.0,6.5,1,Rainy,0,"Kumbo, Cameroon",6.2,10.66
2025-07-26,2025,7,26,207,22.2,18.0,27.5,13.4,75.5,1017.9,11.0,1,Rainy,1,"Kumbo, Cameroon",6.2,10.66
2025-07-27,2025,7,27,208,24.4,20.5,28.0,8.7,74.2,1013.1,7.2,1,Rainy,1,"Kumbo, Cameroon",6.2,10.66
2025-07-28,2025,7,28,209,22.5,16.9,26.1,16.0,81.1,1004.9,14.6,1,Rainy,0,"Kumbo, Cameroon",6.2,10.66
2025-07-29,2025,7,29,210,24.2,20.9,28.0,18.4,76.6,1010.3,13.7,1,Rainy,0,"Kumbo, Cameroon",6.2,10.66
2025-07-30,2025,7,30,211,18.8,14.0,24.4,7.3,89.5,1019.8,11.8,1,Rainy,0,"Kumbo, Cameroon",6.2,10.66
2025-07-31,2025,7,31,212,24.0,19.9,28.0,4.9,95.0,1023.4,7.3,1,Rainy,0,"Kumbo, Cameroon",6.2,10.66
2025-08-01,2025,8,1,213,23.8,18.1,27.1,26.2,73.9,1009.2,7.9,1,Rainy,0,"Kumbo, Cameroon",6.2,10.66
2025-08-02,2025,8,2,214,20.5,15.5,24.0,10.9,67.0,999.0,9.0,1,Rainy,1,"Kumbo, Cameroon",6.2,10.66
2025-08-03,2025,8,3,215,20.5,15.7,25.3,16.6,87.3,1016.8,11.4,1,Rainy,1,"Kumbo, Cameroon",6.2,10.66
2025-08-04,2025,8,4,216,24.6,21.3,28.0,11.2,75.5,1000.5,9.5,1,Rainy,0,"Kumbo, Cameroon",6.2,10.66
2025-08-05,2025,8,5,217,19.7,14.0,25.4,29.3,70.6,1008.3,5.6,1,Rainy,0,"Kumbo, Cameroon",6.2,10.66
2025-08-06,2025,8,6,218,23.4,19.1,27.5,16.3,60.6,1029.0,11.8,1,Rainy,0,"Kumbo, Cameroon",6.2,10.66
2025-08-07,2025,8,7,219,19.0,13.7,23.2,6.2,84.0,1021.6,14.4,1,Rainy,0,"Kumbo, Cameroon",6.2,10.66
2025-08-08,2025,8,8,220,22.8,17.8,27.8,14.3,76.9,1012.5,5.3,1,Rainy,0,"Kumbo, Cameroon",6.2,10.66
2025-08-09,2025,8,9,221,23.0,19.4,28.0,8.3,74.5,1014.7,11.2,1,Rainy,1,"Kumbo, Cameroon",6.2,10.66
2025-08-10,2025,8,10,222,25.0,21.5,28.0,9.7,95.0,1009.3,13.5,1,Rainy,1,"Kumbo, Cameroon",6.2,10.66
2025-08-11,2025,8,11,223,19.0,13.2,22.0,17.8,62.0,1015.1,8.6,1,Rainy,0,"Kumbo, Cameroon",6.2,10.66
2025-08-12,2025,8,12,224,16.8,13.3,20.4,7.6,77.9,1005.9,6.3,1,Rainy,0,"Kumbo, Cameroon",6.2,10.66
2025-08-13,2025,8,13,225,18.9,13.3,23.4,7.4,94.9,997.8,13.1,1,Rainy,0,"Kumbo, Cameroon",6.2,10.66
2025-08-14,2025,8,14,226,19.2,15.8,24.3,17.6,95.0,1015.5,11.7,1,Rainy,0,"Kumbo, Cameroon",6.2,10.66
2025-08-15,2025,8,15,227,19.6,14.2,24.8,4.2,63.9,1012.1,6.7,1,Rainy,0,"Kumbo, Cameroon",6.2,10.66
2025-08-16,2025,8,16,228,21.4,17.1,26.7,2.9,86.8,1013.2,5.9,1,Rainy,1,"Kumbo, Cameroon",6.2,10.66
2025-08-17,2025,8,17,229,20.8,14.9,26.0,13.1,80.5,1029.6,14.3,1,Rainy,1,"Kumbo, Cameroon",6.2,10.66
2025-08-18,2025,8,18,230,20.8,16.5,23.8,5.2,56.5,1012.5,14.6,1,Rainy,0,"Kumbo, Cameroon",6.2,10.66
2025-08-19,2025,8,19,231,15.7,10.1,20.7,15.0,78.0,1006.9,5.1,1,Rainy,0,"Kumbo, Cameroon",6.2,10.66
2025-08-20,2025,8,20,232,22.1,17.9,26.0,30.5,85.1,1015.9,6.9,1,Rainy,0,"Kumbo, Cameroon",6.2,10.66
2025-08-21,2025,8,21,233,21.0,16.6,25.4,12.4,95.0,1009.4,5.7,1,Rainy,0,"Kumbo, Cameroon",6.2,10.66
2025-08-22,2025,8,22,234,18.9,14.9,24.1,9.9,75.1,1008.0,13.9,1,Rainy,0,"Kumbo, Cameroon",6.2,10.66
2025-08-23,2025,8,23,235,19.0,14.1,24.1,5.6,75.5,1015.5,8.2,1,Rainy,1,"Kumbo, Cameroon",6.2,10.66
2025-08-24,2025,8,24,236,20.3,16.4,24.3,8.7,81.2,1011.1,12.2,1,Rainy,1,"Kumbo, Cameroon",6.2,10.66
2025-08-25,2025,8,25,237,24.5,20.4,28.0,9.6,81.3,1007.6,5.1,1,Rainy,0,"Kumbo, Cameroon",6.2,10.66
2025-08-26,2025,8,26,238,22.6,17.0,27.0,21.4,75.4,1025.3,13.1,1,Rainy,0,"Kumbo, Cameroon",6.2,10.66
2025-08-27,2025,8,27,239,18.1,14.4,23.4,15.3,95.0,1026.6,8.9,1,Rainy,0,"Kumbo, Cameroon",6.2,10.66
2025-08-28,2025,8,28,240,22.3,17.1,27.7,2.9,86.8,1014.3,9.2,1,Rainy,0,"Kumbo, Cameroon",6.2,10.66
2025-08-29,2025,8,29,241,20.4,16.0,25.1,26.8,79.3,1004.5,13.7,1,Rainy,0,"Kumbo, Cameroon",6.2,10.66
2025-08-30,2025,8,30,242,21.0,17.8,26.9,2.3,85.5,1007.3,7.0,1,Rainy,1,"Kumbo, Cameroon",6.2,10.66
2025-08-31,2025,8,31,243,19.3,14.2,24.3,9.7,70.9,1013.0,13.0,1,Rainy,1,"Kumbo, Cameroon",6.2,10.66
2025-09-01,2025,9,1,244,17.1,12.4,20.9,8.9,72.2,1019.1,14.0,1,Rainy,0,"Kumbo, Cameroon",6.2,10.66
2025-09-02,2025,9,2,245,19.9,16.6,24.3,5.6,74.0,1014.5,9.3,1,Rainy,0,"Kumbo, Cameroon",6.2,10.66
2025-09-03,2025,9,3,246,16.4,11.0,22.4,8.9,70.0,986.1,13.4,1,Rainy,0,"Kumbo, Cameroon",6.2,10.66
2025-09-04,2025,9,4,247,18.4,14.5,22.6,8.8,69.2,1011.5,12.6,1,Rainy,0,"Kumbo, Cameroon",6.2,10.66
2025-09-05,2025,9,5,248,21.3,16.2,25.4,5.8,90.8,1011.1,13.7,1,Rainy,0,"Kumbo, Cameroon",6.2,10.66
2025-09-06,2025,9,6,249,18.6,15.2,24.5,7.3,54.5,1027.0,7.5,1,Rainy,1,"Kumbo, Cameroon",6.2,10.66
2025-09-07,2025,9,7,250,20.0,16.7,24.2,4.6,78.1,1015.0,9.6,1,Rainy,1,"Kumbo, Cameroon",6.2,10.66
2025-09-08,2025,9,8,251,20.4,16.4,24.9,17.0,90.0,1011.5,11.8,1,Rainy,0,"Kumbo, Cameroon",6.2,10.66
2025-09-09,2025,9,9,252,20.5,17.2,24.3,4.7,92.8,1016.2,8.3,1,Rainy,0,"Kumbo, Cameroon",6.2,10.66
2025-09-10,2025,9,10,253,17.3,12.3,23.0,5.1,77.1,1011.5,13.6,1,Rainy,0,"Kumbo, Cameroon",6.2,10.66
2025-09-11,2025,9,11,254,22.3,18.1,28.0,5.9,63.0,1001.2,11.9,1,Rainy,0,"Kumbo, Cameroon",6.2,10.66
2025-09-12,2025,9,12,255,20.6,14.7,26.5,2.3,48.4,1015.9,7.7,1,Rainy,0,"Kumbo, Cameroon",6.2,10.66
2025-09-13,2025,9,13,256,14.2,10.0,19.7,15.7,77.7,1009.5,7.0,1,Rainy,1,"Kumbo, Cameroon",6.2,10.66
2025-09-14,2025,9,14,257,15.8,12.6,20.0,5.8,92.3,1008.3,10.7,1,Rainy,1,"Kumbo, Cameroon",6.2,10.66
2025-09-15,2025,9,15,258,19.7,13.8,24.4,12.5,68.1,1013.8,5.1,1,Rainy,0,"Kumbo, Cameroon",6.2,10.66
2025-09-16,2025,9,16,259,15.8,11.7,21.3,5.3,77.7,1008.3,5.0,1,Rainy,0,"Kumbo, Cameroon",6.2,10.66
2025-09-17,2025,9,17,260,16.1,10.9,20.0,9.7,46.9,1030.2,6.4,1,Rainy,0,"Kumbo, Cameroon",6.2,10.66
2025-09-18,2025,9,18,261,19.6,14.9,24.2,22.7,67.0,997.8,8.9,1,Rainy,0,"Kumbo, Cameroon",6.2,10.66
2025-09-19,2025,9,19,262,20.1,15.9,25.5,10.2,53.6,1026.0,11.3,1,Rainy,0,"Kumbo, Cameroon",6.2,10.66
2025-09-20,2025,9,20,263,21.8,16.0,26.2,7.0,46.9,1017.3,6.4,1,Rainy,1,"Kumbo, Cameroon",6.2,10.66
2025-09-21,2025,9,21,264,17.8,11.9,21.9,8.6,74.8,1005.9,7.3,1,Rainy,1,"Kumbo, Cameroon",6.2,10.66
2025-09-22,2025,9,22,265,16.2,11.5,19.3,12.1,72.5,997.5,9.1,1,Rainy,0,"Kumbo, Cameroon",6.2,10.66
2025-09-23,2025,9,23,266,17.5,13.3,22.3,26.6,76.4,1011.2,7.4,1,Rainy,0,"Kumbo, Cameroon",6.2,10.66
2025-09-24,2025,9,24,267,19.6,15.6,22.9,11.6,55.1,1014.9,7.9,1,Rainy,0,"Kumbo, Cameroon",6.2,10.66
2025-09-25,2025,9,25,268,16.1,12.0,21.0,5.3,76.0,1014.1,5.5,1,Rainy,0,"Kumbo, Cameroon",6.2,10.66
2025-09-26,2025,9,26,269,18.8,14.7,22.4,19.5,64.4,1033.9,14.6,1,Rainy,0,"Kumbo, Cameroon",6.2,10.66
